e_nunavut;Nunavut;Nunavut;Nunavut;Nunavut;Nunavut;Nunavut;Nunavut;Nunavut;Nunavut;Nunavut;Nunavut;Nunavut;Nunavut;x;
e_nunavut_adj;Nunavut;Nunavut;Nunavut;Nunavut;Nunavut;Nunavut;Nunavut;Nunavut;Nunavut;Nunavut;Nunavut;Nunavut;Nunavut;x;
k_tuniit_nunaat;Tuniit Nunaat;Tuniit Nunaat;Tuniit Nunaat;Tuniit Nunaat;Tuniit Nunaat;Tuniit Nunaat;Tuniit Nunaat;Tuniit Nunaat;Tuniit Nunaat;Tuniit Nunaat;Tuniit Nunaat;Tuniit Nunaat;Tuniit Nunaat;x;
k_tuniit_nunaat_adj;Tuniit Nunaat;Tuniit Nunaat;Tuniit Nunaat;Tuniit Nunaat;Tuniit Nunaat;Tuniit Nunaat;Tuniit Nunaat;Tuniit Nunaat;Tuniit Nunaat;Tuniit Nunaat;Tuniit Nunaat;Tuniit Nunaat;Tuniit Nunaat;x;
c_sermersooq;Sermersooq;Sermersooq;Sermersooq;Sermersooq;Sermersooq;Sermersooq;Sermersooq;Sermersooq;Sermersooq;Sermersooq;Sermersooq;Sermersooq;Sermersooq;x;
c_sermersooq_adj;Sermersooq;Sermersooq;Sermersooq;Sermersooq;Sermersooq;Sermersooq;Sermersooq;Sermersooq;Sermersooq;Sermersooq;Sermersooq;Sermersooq;Sermersooq;x;
b_sermersooq;Sermersooq;Sermersooq;Sermersooq;Sermersooq;Sermersooq;Sermersooq;Sermersooq;Sermersooq;Sermersooq;Sermersooq;Sermersooq;Sermersooq;Sermersooq;x;
c_kujalleg;Qaqortoq;Qaqortoq;Qaqortoq;Qaqortoq;Qaqortoq;Qaqortoq;Qaqortoq;Qaqortoq;Qaqortoq;Qaqortoq;Qaqortoq;Qaqortoq;Qaqortoq;x;
c_kujalleg_adj;Qaqortoq;Qaqortoq;Qaqortoq;Qaqortoq;Qaqortoq;Qaqortoq;Qaqortoq;Qaqortoq;Qaqortoq;Qaqortoq;Qaqortoq;Qaqortoq;Qaqortoq;x;
b_kujalleg;Kujalleg;Kujalleg;Kujalleg;Kujalleg;Kujalleg;Kujalleg;Kujalleg;Kujalleg;Kujalleg;Kujalleg;Kujalleg;Kujalleg;Kujalleg;x;
k_myinsaing_pinya;Myinsaing-Pinya;Myinsaing-Pinya;Myinsaing-Pinya;Myinsaing-Pinya;Myinsaing-Pinya;Myinsaing-Pinya;Myinsaing-Pinya;Myinsaing-Pinya;Myinsaing-Pinya;Myinsaing-Pinya;Myinsaing-Pinya;Myinsaing-Pinya;Myinsaing-Pinya;x;
k_myinsaing_pinya_adj;Myinsaing-Pinya;Myinsaing-Pinya;Myinsaing-Pinya;Myinsaing-Pinya;Myinsaing-Pinya;Myinsaing-Pinya;Myinsaing-Pinya;Myinsaing-Pinya;Myinsaing-Pinya;Myinsaing-Pinya;Myinsaing-Pinya;Myinsaing-Pinya;Myinsaing-Pinya;x;
k_sagaing;Sagaing;Sagaing;Sagaing;Sagaing;Sagaing;Sagaing;Sagaing;Sagaing;Sagaing;Sagaing;Sagaing;Sagaing;Sagaing;x;
k_sagaing_adj;Sagaing;Sagaing;Sagaing;Sagaing;Sagaing;Sagaing;Sagaing;Sagaing;Sagaing;Sagaing;Sagaing;Sagaing;Sagaing;x;
k_thaton;Thaton;Thaton;Thaton;Thaton;Thaton;Thaton;Thaton;Thaton;Thaton;Thaton;Thaton;Thaton;Thaton;x;
k_thaton_adj;Thaton;Thaton;Thaton;Thaton;Thaton;Thaton;Thaton;Thaton;Thaton;Thaton;Thaton;Thaton;Thaton;x;
d_kitaa;Kitaa;Kitaa;Kitaa;Kitaa;Kitaa;Kitaa;Kitaa;Kitaa;Kitaa;Kitaa;Kitaa;Kitaa;Kitaa;x;
d_kitaa_adj;Kitaa;Kitaa;Kitaa;Kitaa;Kitaa;Kitaa;Kitaa;Kitaa;Kitaa;Kitaa;Kitaa;Kitaa;Kitaa;x;
b_ameralik;Ameralik;Ameralik;Ameralik;Ameralik;Ameralik;Ameralik;Ameralik;Ameralik;Ameralik;Ameralik;Ameralik;Ameralik;Ameralik;x;
b_nuuk;Nuuk;Nuuk;Nuuk;Nuuk;Nuuk;Nuuk;Nuuk;Nuuk;Nuuk;Nuuk;Nuuk;Nuuk;Nuuk;x;
b_ujarassuit;Ujarassuit;Ujarassuit;Ujarassuit;Ujarassuit;Ujarassuit;Ujarassuit;Ujarassuit;Ujarassuit;Ujarassuit;Ujarassuit;Ujarassuit;Ujarassuit;Ujarassuit;x;
b_kangeq;Kangeq;Kangeq;Kangeq;Kangeq;Kangeq;Kangeq;Kangeq;Kangeq;Kangeq;Kangeq;Kangeq;Kangeq;Kangeq;x;
b_atammik;Atammik;Atammik;Atammik;Atammik;Atammik;Atammik;Atammik;Atammik;Atammik;Atammik;Atammik;Atammik;Atammik;x;
b_kapisillit;Kapisillit;Kapisillit;Kapisillit;Kapisillit;Kapisillit;Kapisillit;Kapisillit;Kapisillit;Kapisillit;Kapisillit;Kapisillit;Kapisillit;Kapisillit;x;
c_qeqqata;Qeqqata;Qeqqata;Qeqqata;Qeqqata;Qeqqata;Qeqqata;Qeqqata;Qeqqata;Qeqqata;Qeqqata;Qeqqata;Qeqqata;Qeqqata;x;
c_qeqqata_adj;Qeqqata;Qeqqata;Qeqqata;Qeqqata;Qeqqata;Qeqqata;Qeqqata;Qeqqata;Qeqqata;Qeqqata;Qeqqata;Qeqqata;Qeqqata;x;
b_sisimiut;Sisimiut;Sisimiut;Sisimiut;Sisimiut;Sisimiut;Sisimiut;Sisimiut;Sisimiut;Sisimiut;Sisimiut;Sisimiut;Sisimiut;Sisimiut;x;
b_kangaamiut;Kangaamiut;Kangaamiut;Kangaamiut;Kangaamiut;Kangaamiut;Kangaamiut;Kangaamiut;Kangaamiut;Kangaamiut;Kangaamiut;Kangaamiut;Kangaamiut;Kangaamiut;x;
b_maniitsoq;Maniitsoq;Maniitsoq;Maniitsoq;Maniitsoq;Maniitsoq;Maniitsoq;Maniitsoq;Maniitsoq;Maniitsoq;Maniitsoq;Maniitsoq;Maniitsoq;Maniitsoq;x;
b_kangerlussuaq;Kangerlussuaq;Kangerlussuaq;Kangerlussuaq;Kangerlussuaq;Kangerlussuaq;Kangerlussuaq;Kangerlussuaq;Kangerlussuaq;Kangerlussuaq;Kangerlussuaq;Kangerlussuaq;Kangerlussuaq;Kangerlussuaq;x;
b_napasoq;Napasoq;Napasoq;Napasoq;Napasoq;Napasoq;Napasoq;Napasoq;Napasoq;Napasoq;Napasoq;Napasoq;Napasoq;Napasoq;x;
b_itilleq;Itilleq;Itilleq;Itilleq;Itilleq;Itilleq;Itilleq;Itilleq;Itilleq;Itilleq;Itilleq;Itilleq;Itilleq;Itilleq;x;
b_sarfannguit;Sarfannguit;Sarfannguit;Sarfannguit;Sarfannguit;Sarfannguit;Sarfannguit;Sarfannguit;Sarfannguit;Sarfannguit;Sarfannguit;Sarfannguit;Sarfannguit;Sarfannguit;x;
c_qeqertalik;Qeqertalik;Qeqertalik;Qeqertalik;Qeqertalik;Qeqertalik;Qeqertalik;Qeqertalik;Qeqertalik;Qeqertalik;Qeqertalik;Qeqertalik;Qeqertalik;Qeqertalik;x;
c_qeqertalik_adj;Qeqertalik;Qeqertalik;Qeqertalik;Qeqertalik;Qeqertalik;Qeqertalik;Qeqertalik;Qeqertalik;Qeqertalik;Qeqertalik;Qeqertalik;Qeqertalik;Qeqertalik;x;
b_aasiaat;Aasiaat;Aasiaat;Aasiaat;Aasiaat;Aasiaat;Aasiaat;Aasiaat;Aasiaat;Aasiaat;Aasiaat;Aasiaat;Aasiaat;Aasiaat;x;
b_qeqertarsuaq;Qeqertarsuaq;Qeqertarsuaq;Qeqertarsuaq;Qeqertarsuaq;Qeqertarsuaq;Qeqertarsuaq;Qeqertarsuaq;Qeqertarsuaq;Qeqertarsuaq;Qeqertarsuaq;Qeqertarsuaq;Qeqertarsuaq;Qeqertarsuaq;x;
b_saqqaq;Saqqaq;Saqqaq;Saqqaq;Saqqaq;Saqqaq;Saqqaq;Saqqaq;Saqqaq;Saqqaq;Saqqaq;Saqqaq;Saqqaq;Saqqaq;x;
b_kitsissuarsuit;Kitsissuarsuit;Kitsissuarsuit;Kitsissuarsuit;Kitsissuarsuit;Kitsissuarsuit;Kitsissuarsuit;Kitsissuarsuit;Kitsissuarsuit;Kitsissuarsuit;Kitsissuarsuit;Kitsissuarsuit;Kitsissuarsuit;Kitsissuarsuit;x;
b_ilulissat;Ilulissat;Ilulissat;Ilulissat;Ilulissat;Ilulissat;Ilulissat;Ilulissat;Ilulissat;Ilulissat;Ilulissat;Ilulissat;Ilulissat;Ilulissat;x;
b_qasigiannguit;Qasigiannguit;Qasigiannguit;Qasigiannguit;Qasigiannguit;Qasigiannguit;Qasigiannguit;Qasigiannguit;Qasigiannguit;Qasigiannguit;Qasigiannguit;Qasigiannguit;Qasigiannguit;Qasigiannguit;x;
b_kangaatsiaq;Kangaatsiaq;Kangaatsiaq;Kangaatsiaq;Kangaatsiaq;Kangaatsiaq;Kangaatsiaq;Kangaatsiaq;Kangaatsiaq;Kangaatsiaq;Kangaatsiaq;Kangaatsiaq;Kangaatsiaq;Kangaatsiaq;x;
d_kujalleq;Kujalleq;Kujalleq;Kujalleq;Kujalleq;Kujalleq;Kujalleq;Kujalleq;Kujalleq;Kujalleq;Kujalleq;Kujalleq;Kujalleq;Kujalleq;x;
d_kujalleq_adj;Kujalleq;Kujalleq;Kujalleq;Kujalleq;Kujalleq;Kujalleq;Kujalleq;Kujalleq;Kujalleq;Kujalleq;Kujalleq;Kujalleq;Kujalleq;x;
b_qassiarsuk;Qassiarsuk;Qassiarsuk;Qassiarsuk;Qassiarsuk;Qassiarsuk;Qassiarsuk;Qassiarsuk;Qassiarsuk;Qassiarsuk;Qassiarsuk;Qassiarsuk;Qassiarsuk;Qassiarsuk;x;
b_qaqortoq;Qaqortoq;Qaqortoq;Qaqortoq;Qaqortoq;Qaqortoq;Qaqortoq;Qaqortoq;Qaqortoq;Qaqortoq;Qaqortoq;Qaqortoq;Qaqortoq;Qaqortoq;x;
b_igaliku;Igaliku;Igaliku;Igaliku;Igaliku;Igaliku;Igaliku;Igaliku;Igaliku;Igaliku;Igaliku;Igaliku;Igaliku;Igaliku;x;
b_narsaq;Narsaq;Narsaq;Narsaq;Narsaq;Narsaq;Narsaq;Narsaq;Narsaq;Narsaq;Narsaq;Narsaq;Narsaq;Narsaq;x;
b_narsaq_kujalleq;Narsaq Kujalleq;Narsaq Kujalleq;Narsaq Kujalleq;Narsaq Kujalleq;Narsaq Kujalleq;Narsaq Kujalleq;Narsaq Kujalleq;Narsaq Kujalleq;Narsaq Kujalleq;Narsaq Kujalleq;Narsaq Kujalleq;Narsaq Kujalleq;Narsaq Kujalleq;x;
b_nunap_isua;Nunap Isua;Nunap Isua;Nunap Isua;Nunap Isua;Nunap Isua;Nunap Isua;Nunap Isua;Nunap Isua;Nunap Isua;Nunap Isua;Nunap Isua;Nunap Isua;Nunap Isua;x;
b_alluitsup_paa;Alluitsup Paa;Alluitsup Paa;Alluitsup Paa;Alluitsup Paa;Alluitsup Paa;Alluitsup Paa;Alluitsup Paa;Alluitsup Paa;Alluitsup Paa;Alluitsup Paa;Alluitsup Paa;Alluitsup Paa;Alluitsup Paa;x;
c_ivittuut;Ivittuut;Ivittuut;Ivittuut;Ivittuut;Ivittuut;Ivittuut;Ivittuut;Ivittuut;Ivittuut;Ivittuut;Ivittuut;Ivittuut;Ivittuut;x;
c_ivittuut_adj;Ivittuut;Ivittuut;Ivittuut;Ivittuut;Ivittuut;Ivittuut;Ivittuut;Ivittuut;Ivittuut;Ivittuut;Ivittuut;Ivittuut;Ivittuut;x;
b_ivittuut;Ivittuut;Ivittuut;Ivittuut;Ivittuut;Ivittuut;Ivittuut;Ivittuut;Ivittuut;Ivittuut;Ivittuut;Ivittuut;Ivittuut;Ivittuut;x;
b_kangilinnguit;Kangilinnguit;Kangilinnguit;Kangilinnguit;Kangilinnguit;Kangilinnguit;Kangilinnguit;Kangilinnguit;Kangilinnguit;Kangilinnguit;Kangilinnguit;Kangilinnguit;Kangilinnguit;Kangilinnguit;x;
b_paamiut;Paamiut;Paamiut;Paamiut;Paamiut;Paamiut;Paamiut;Paamiut;Paamiut;Paamiut;Paamiut;Paamiut;Paamiut;Paamiut;x;
b_arsuk;Arsuk;Arsuk;Arsuk;Arsuk;Arsuk;Arsuk;Arsuk;Arsuk;Arsuk;Arsuk;Arsuk;Arsuk;Arsuk;x;
b_ikermiut;Ikermiut;Ikermiut;Ikermiut;Ikermiut;Ikermiut;Ikermiut;Ikermiut;Ikermiut;Ikermiut;Ikermiut;Ikermiut;Ikermiut;Ikermiut;x;
b_qeqertarsuatsiaat;Qeqertarsuatsiaat;Qeqertarsuatsiaat;Qeqertarsuatsiaat;Qeqertarsuatsiaat;Qeqertarsuatsiaat;Qeqertarsuatsiaat;Qeqertarsuatsiaat;Qeqertarsuatsiaat;Qeqertarsuatsiaat;Qeqertarsuatsiaat;Qeqertarsuatsiaat;Qeqertarsuatsiaat;Qeqertarsuatsiaat;x;
b_nunarssit;Nunarssit;Nunarssit;Nunarssit;Nunarssit;Nunarssit;Nunarssit;Nunarssit;Nunarssit;Nunarssit;Nunarssit;Nunarssit;Nunarssit;Nunarssit;x;
c_qulleq;Qulleq;Qulleq;Qulleq;Qulleq;Qulleq;Qulleq;Qulleq;Qulleq;Qulleq;Qulleq;Qulleq;Qulleq;Qulleq;x;
c_qulleq_adj;Qulleq;Qulleq;Qulleq;Qulleq;Qulleq;Qulleq;Qulleq;Qulleq;Qulleq;Qulleq;Qulleq;Qulleq;Qulleq;x;
b_qulleq;Qulleq;Qulleq;Qulleq;Qulleq;Qulleq;Qulleq;Qulleq;Qulleq;Qulleq;Qulleq;Qulleq;Qulleq;Qulleq;x;
b_qipinnguak;Qipinnguak;Qipinnguak;Qipinnguak;Qipinnguak;Qipinnguak;Qipinnguak;Qipinnguak;Qipinnguak;Qipinnguak;Qipinnguak;Qipinnguak;Qipinnguak;Qipinnguak;x;
b_takisoq;Takisoq;Takisoq;Takisoq;Takisoq;Takisoq;Takisoq;Takisoq;Takisoq;Takisoq;Takisoq;Takisoq;Takisoq;Takisoq;x;
b_qeqertarsuaq;Qeqertarsuaq;Qeqertarsuaq;Qeqertarsuaq;Qeqertarsuaq;Qeqertarsuaq;Qeqertarsuaq;Qeqertarsuaq;Qeqertarsuaq;Qeqertarsuaq;Qeqertarsuaq;Qeqertarsuaq;Qeqertarsuaq;Qeqertarsuaq;x;
b_iluileq;Iluileq;Iluileq;Iluileq;Iluileq;Iluileq;Iluileq;Iluileq;Iluileq;Iluileq;Iluileq;Iluileq;Iluileq;Iluileq;x;
b_kissarsiitilik;Kissarsiitilik;Kissarsiitilik;Kissarsiitilik;Kissarsiitilik;Kissarsiitilik;Kissarsiitilik;Kissarsiitilik;Kissarsiitilik;Kissarsiitilik;Kissarsiitilik;Kissarsiitilik;Kissarsiitilik;Kissarsiitilik;x;
b_paatusoq;Paatusoq;Paatusoq;Paatusoq;Paatusoq;Paatusoq;Paatusoq;Paatusoq;Paatusoq;Paatusoq;Paatusoq;Paatusoq;Paatusoq;Paatusoq;x;
d_tunu;Tunu;Tunu;Tunu;Tunu;Tunu;Tunu;Tunu;Tunu;Tunu;Tunu;Tunu;Tunu;Tunu;x;
d_tunu_adj;Tunu;Tunu;Tunu;Tunu;Tunu;Tunu;Tunu;Tunu;Tunu;Tunu;Tunu;Tunu;Tunu;x;
c_ammassalik;Ammassalik;Ammassalik;Ammassalik;Ammassalik;Ammassalik;Ammassalik;Ammassalik;Ammassalik;Ammassalik;Ammassalik;Ammassalik;Ammassalik;Ammassalik;x;
c_ammassalik_adj;Ammassalik;Ammassalik;Ammassalik;Ammassalik;Ammassalik;Ammassalik;Ammassalik;Ammassalik;Ammassalik;Ammassalik;Ammassalik;Ammassalik;Ammassalik;x;
b_ammassalik;Ammassalik;Ammassalik;Ammassalik;Ammassalik;Ammassalik;Ammassalik;Ammassalik;Ammassalik;Ammassalik;Ammassalik;Ammassalik;Ammassalik;Ammassalik;x;
b_tasiilaq;Tasiilaq;Tasiilaq;Tasiilaq;Tasiilaq;Tasiilaq;Tasiilaq;Tasiilaq;Tasiilaq;Tasiilaq;Tasiilaq;Tasiilaq;Tasiilaq;Tasiilaq;x;
b_kuummiit;Kuummiit;Kuummiit;Kuummiit;Kuummiit;Kuummiit;Kuummiit;Kuummiit;Kuummiit;Kuummiit;Kuummiit;Kuummiit;Kuummiit;Kuummiit;x;
b_kulusuk;Kulusuk;Kulusuk;Kulusuk;Kulusuk;Kulusuk;Kulusuk;Kulusuk;Kulusuk;Kulusuk;Kulusuk;Kulusuk;Kulusuk;Kulusuk;x;
b_tiilerilaaq;Tiilerilaaq;Tiilerilaaq;Tiilerilaaq;Tiilerilaaq;Tiilerilaaq;Tiilerilaaq;Tiilerilaaq;Tiilerilaaq;Tiilerilaaq;Tiilerilaaq;Tiilerilaaq;Tiilerilaaq;Tiilerilaaq;x;
b_sermiligaaq;Sermiligaaq;Sermiligaaq;Sermiligaaq;Sermiligaaq;Sermiligaaq;Sermiligaaq;Sermiligaaq;Sermiligaaq;Sermiligaaq;Sermiligaaq;Sermiligaaq;Sermiligaaq;Sermiligaaq;x;
b_isertoq;Isertoq;Isertoq;Isertoq;Isertoq;Isertoq;Isertoq;Isertoq;Isertoq;Isertoq;Isertoq;Isertoq;Isertoq;Isertoq;x;
c_kangertittivaq;Kangertittivaq;Kangertittivaq;Kangertittivaq;Kangertittivaq;Kangertittivaq;Kangertittivaq;Kangertittivaq;Kangertittivaq;Kangertittivaq;Kangertittivaq;Kangertittivaq;Kangertittivaq;Kangertittivaq;x;
c_kangertittivaq_adj;Kangertittivaq;Kangertittivaq;Kangertittivaq;Kangertittivaq;Kangertittivaq;Kangertittivaq;Kangertittivaq;Kangertittivaq;Kangertittivaq;Kangertittivaq;Kangertittivaq;Kangertittivaq;Kangertittivaq;x;
b_ittoqqortoormiit;Ittoqqortoormiit;Ittoqqortoormiit;Ittoqqortoormiit;Ittoqqortoormiit;Ittoqqortoormiit;Ittoqqortoormiit;Ittoqqortoormiit;Ittoqqortoormiit;Ittoqqortoormiit;Ittoqqortoormiit;Ittoqqortoormiit;Ittoqqortoormiit;Ittoqqortoormiit;x;
b_itterajivit;Itterajivit;Itterajivit;Itterajivit;Itterajivit;Itterajivit;Itterajivit;Itterajivit;Itterajivit;Itterajivit;Itterajivit;Itterajivit;Itterajivit;Itterajivit;x;
b_kangikajik;Kangikajik;Kangikajik;Kangikajik;Kangikajik;Kangikajik;Kangikajik;Kangikajik;Kangikajik;Kangikajik;Kangikajik;Kangikajik;Kangikajik;Kangikajik;x;
b_uunarteq;Uunarteq;Uunarteq;Uunarteq;Uunarteq;Uunarteq;Uunarteq;Uunarteq;Uunarteq;Uunarteq;Uunarteq;Uunarteq;Uunarteq;Uunarteq;x;
b_kangerlussuaq;Kangerlussuaq;Kangerlussuaq;Kangerlussuaq;Kangerlussuaq;Kangerlussuaq;Kangerlussuaq;Kangerlussuaq;Kangerlussuaq;Kangerlussuaq;Kangerlussuaq;Kangerlussuaq;Kangerlussuaq;Kangerlussuaq;x;
b_tuttut_nunaat;Tuttut Nunaat;Tuttut Nunaat;Tuttut Nunaat;Tuttut Nunaat;Tuttut Nunaat;Tuttut Nunaat;Tuttut Nunaat;Tuttut Nunaat;Tuttut Nunaat;Tuttut Nunaat;Tuttut Nunaat;Tuttut Nunaat;Tuttut Nunaat;x;
b_nerlerit_inaat;Nerlerit Inaat;Nerlerit Inaat;Nerlerit Inaat;Nerlerit Inaat;Nerlerit Inaat;Nerlerit Inaat;Nerlerit Inaat;Nerlerit Inaat;Nerlerit Inaat;Nerlerit Inaat;Nerlerit Inaat;Nerlerit Inaat;Nerlerit Inaat;x;
c_saqqisikuik;Saqqisikuik;Saqqisikuik;Saqqisikuik;Saqqisikuik;Saqqisikuik;Saqqisikuik;Saqqisikuik;Saqqisikuik;Saqqisikuik;Saqqisikuik;Saqqisikuik;Saqqisikuik;Saqqisikuik;x;
c_saqqisikuik_adj;Saqqisikuik;Saqqisikuik;Saqqisikuik;Saqqisikuik;Saqqisikuik;Saqqisikuik;Saqqisikuik;Saqqisikuik;Saqqisikuik;Saqqisikuik;Saqqisikuik;Saqqisikuik;Saqqisikuik;x;
b_saqqisikuik;Saqqisikuik;Saqqisikuik;Saqqisikuik;Saqqisikuik;Saqqisikuik;Saqqisikuik;Saqqisikuik;Saqqisikuik;Saqqisikuik;Saqqisikuik;Saqqisikuik;Saqqisikuik;Saqqisikuik;x;
b_timmiarmiit;Timmiarmiit;Timmiarmiit;Timmiarmiit;Timmiarmiit;Timmiarmiit;Timmiarmiit;Timmiarmiit;Timmiarmiit;Timmiarmiit;Timmiarmiit;Timmiarmiit;Timmiarmiit;Timmiarmiit;x;
b_uvtorsiutit;Uvtorsiutit;Uvtorsiutit;Uvtorsiutit;Uvtorsiutit;Uvtorsiutit;Uvtorsiutit;Uvtorsiutit;Uvtorsiutit;Uvtorsiutit;Uvtorsiutit;Uvtorsiutit;Uvtorsiutit;Uvtorsiutit;x;
b_maligissat;Maligissat;Maligissat;Maligissat;Maligissat;Maligissat;Maligissat;Maligissat;Maligissat;Maligissat;Maligissat;Maligissat;Maligissat;Maligissat;x;
b_sattiaatteq;Sattiaatteq;Sattiaatteq;Sattiaatteq;Sattiaatteq;Sattiaatteq;Sattiaatteq;Sattiaatteq;Sattiaatteq;Sattiaatteq;Sattiaatteq;Sattiaatteq;Sattiaatteq;Sattiaatteq;x;
b_igdluluarssuk;Igdluluarssuk;Igdluluarssuk;Igdluluarssuk;Igdluluarssuk;Igdluluarssuk;Igdluluarssuk;Igdluluarssuk;Igdluluarssuk;Igdluluarssuk;Igdluluarssuk;Igdluluarssuk;Igdluluarssuk;Igdluluarssuk;x;
b_kangertittivaq;Kangertittivaq;Kangertittivaq;Kangertittivaq;Kangertittivaq;Kangertittivaq;Kangertittivaq;Kangertittivaq;Kangertittivaq;Kangertittivaq;Kangertittivaq;Kangertittivaq;Kangertittivaq;Kangertittivaq;x;
c_svalbard;Svalbard;Svalbard;Svalbard;Svalbard;Svalbard;Svalbard;Svalbard;Svalbard;Svalbard;Svalbard;Svalbard;Svalbard;Svalbard;x;
c_svalbard_adj;Svalbard;Svalbard;Svalbard;Svalbard;Svalbard;Svalbard;Svalbard;Svalbard;Svalbard;Svalbard;Svalbard;Svalbard;Svalbard;x;
b_svalbard;Svalbard;Svalbard;Svalbard;Svalbard;Svalbard;Svalbard;Svalbard;Svalbard;Svalbard;Svalbard;Svalbard;Svalbard;Svalbard;x;
b_olonkinbyen;Olonkinbyen;Olonkinbyen;Olonkinbyen;Olonkinbyen;Olonkinbyen;Olonkinbyen;Olonkinbyen;Olonkinbyen;Olonkinbyen;Olonkinbyen;Olonkinbyen;Olonkinbyen;Olonkinbyen;x;
b_puppebu;Puppebu;Puppebu;Puppebu;Puppebu;Puppebu;Puppebu;Puppebu;Puppebu;Puppebu;Puppebu;Puppebu;Puppebu;Puppebu;x;
b_beerenberg;Beerenberg;Beerenberg;Beerenberg;Beerenberg;Beerenberg;Beerenberg;Beerenberg;Beerenberg;Beerenberg;Beerenberg;Beerenberg;Beerenberg;Beerenberg;x;
b_rudolftoppen;Rudolftoppen;Rudolftoppen;Rudolftoppen;Rudolftoppen;Rudolftoppen;Rudolftoppen;Rudolftoppen;Rudolftoppen;Rudolftoppen;Rudolftoppen;Rudolftoppen;Rudolftoppen;Rudolftoppen;x;
b_trollsletta;Trollsletta;Trollsletta;Trollsletta;Trollsletta;Trollsletta;Trollsletta;Trollsletta;Trollsletta;Trollsletta;Trollsletta;Trollsletta;Trollsletta;Trollsletta;x;
b_batvika;Batvika;Batvika;Batvika;Batvika;Batvika;Batvika;Batvika;Batvika;Batvika;Batvika;Batvika;Batvika;Batvika;x;
k_alaska;Alaska;;;;;;;;;x
k_alaska_adj;Alaska;;;;;;;;;x
d_skwentna;Skwentna;;;;;;;;;x
d_skwentna_adj;Skwentna;;;;;;;;;x
c_skwentna;Skwentna;;;;;;;;;x
c_skwentna_adj;Skwentna;;;;;;;;;x
b_skwentna;Skwentna;;;;;;;;;x
b_susitna;Sushetno;;;;;;;;;x
b_willow;Willow;;;;;;;;;x
b_chase;Chase;;;;;;;;;x
c_unalakleet;Unalaqliq;;;;;;;;;x
b_unalakleet;Unalaqliq;;;;;;;;;x
b_kaltag;Qaltaq;;;;;;;;;x
b_shaktoolik;Saktuliq;;;;;;;;;x
c_takotna;Tochotno;;;;;;;;;x
c_takotna_adj;Tochotno;;;;;;;;;x
b_takotna;Tochotno;;;;;;;;;x
b_mcgrath;Tochak;;;;;;;;;x
b_nikolai;Edze Dochak';;;;;;;;;x
c_crooked_creek;Qipcarpak;;;;;;;;;x
c_crooked_creek_adj;Qipcarpak;;;;;;;;;x
b_crooked_creek;Qipcarpak;;;;;;;;;x
c_minchumina;Menchuh Mene';;;;;;;;;x
c_minchumina_adj;Menchuh Mene';;;;;;;;;x
b_minchumina;Menchuh Mene';;;;;;;;;x
d_utqiagvik;Utqiagvik;;;;;;;;;x
d_utqiagvik_adj;Utqiagvik;;;;;;;;;x
c_utqiagvik;Utqiagvik;;;;;;;;;x
c_utqiagvik_adj;Utqiagvik;;;;;;;;;x
b_utqiagvik;Utqiagvik;;;;;;;;;x
b_atqasuk;Atqsuk;;;;;;;;;x
b_wainwright;Ulguniq;;;;;;;;;x
b_point_lay;Kali;;;;;;;;;x
c_selawik;Siilivik;;;;;;;;;x
c_selawik_adj;Siilivik;;;;;;;;;x
b_selawik;Siilivik;;;;;;;;;x
b_kiana;Katyaaq;;;;;;;;;x
c_kivalina;Kivalliniq;;;;;;;;;x
c_kivalina_adj;Kivalliniq;;;;;;;;;x
b_kivalina;Kivalliniq;;;;;;;;;x
b_krusentern;Krusenstern;;;;;;;;;x
b_red_dog;Red Dog;;;;;;;;;x
b_point_hope;Tikigaq;;;;;;;;;x
c_kobuk;Laugviik;;;;;;;;;x
c_kobuk_adj;Laugviik;;;;;;;;;x
b_kobuk;Laugviik;;;;;;;;;x
b_ambler;Ivisaappaat;;;;;;;;;x
b_shungnak;Nuurviuraq;;;;;;;;;x
c_allakaket;Aalaa Kkaakk’et;;;;;;;;;x
c_allakaket_adj;Aalaa Kkaakk’et;;;;;;;;;x
b_allakaket;Aalaa Kkaakk’et;;;;;;;;;x
c_kaktovik;Qaaktugvik;;;;;;;;;x
c_kaktovik_adj;Qaaktugvik;;;;;;;;;x
b_kaktovik;Qaaktugvik;;;;;;;;;x
b_prudhoe_bay;Prudhoe Bay;;;;;;;;;x
b_nuiqsut;Nuiqsat;;;;;;;;;x
d_nome;Sitnasuaq;;;;;;;;;x
d_nome_adj;Sitnasuaq;;;;;;;;;x
c_nome;Sitnasuaq;;;;;;;;;x
c_nome_adj;Sitnasuaq;;;;;;;;;x
b_nome;Sitnasuaq;;;;;;;;;x
b_fort_davis;Fort Davis;;;;;;;;;x
b_marys;Negeqliq;;;;;;;;;x
b_teller;Igalunniagvik;;;;;;;;;x
b_port_clarence;Alaska;;;;;;;;;x
c_shishmaref;Qigiqtaq;;;;;;;;;x
c_shishmaref_adj;Qigiqtaq;;;;;;;;;x
b_shishmaref;Qigiqtaq;;;;;;;;;x
b_brevig;Sitaisaq;;;;;;;;;x
b_wales;Kinigin;;;;;;;;;x
c_qikiqtagruk;Qikiqtagruk;;;;;;;;;x
c_qikiqtagruk_adj;Qikiqtagruk;;;;;;;;;x
b_qikiqtagruk;Qikiqtagruk;;;;;;;;;x
b_noorvik;Nuurvik;;;;;;;;;x
c_golovin;Cingik;;;;;;;;;x
c_golovin_adj;Cingik;;;;;;;;;x
b_golovin;Cingik;;;;;;;;;x
b_koyuk;Kuuyuk;;;;;;;;;x
b_elim;Neviarcaurluq;;;;;;;;;x
b_white_mountain;White Mountain;;;;;;;;;x
c_huslia;Ts'aateyhdenaadekk'onh Denh;;;;;;;;;x
c_huslia_adj;Ts'aateyhdenaadekk'onh Denh;;;;;;;;;x
b_huslia;Ts'aateyhdenaadekk'onh Denh;;;;;;;;;x
b_galena;Notaalee Denh;;;;;;;;;x
b_ruby;Tl'aa'ologhe;;;;;;;;;x
b_hughes;Hut'odlee Kkaakk'et;;;;;;;;;x
d_tuntuliak;Tuntutuliaq;;;;;;;;;x
d_tuntuliak_adj;Tuntutuliaq;;;;;;;;;x
c_tuntuliak;Tuntutuliaq;;;;;;;;;x
c_tuntuliak_adj;Tuntutuliaq;;;;;;;;;x
b_tuntuliak;Tuntutuliaq;;;;;;;;;x
b_eek;Iik;;;;;;;;;x
b_kongiganak;Kangirnaq;;;;;;;;;x
b_kwigilingok;Kuigilnguq;;;;;;;;;x
b_kipnuk;Qipneq;;;;;;;;;x
c_chevak;Cevʼaq;;;;;;;;;x
c_chevak_adj;Cevʼaq;;;;;;;;;x
b_chevak;Cevʼaq;;;;;;;;;x
b_hooper_bay;Naparyaarmiut;;;;;;;;;x
b_scammon_bay;Marayaarmiut;;;;;;;;;x
c_mekoryuk;Mikuryar;;;;;;;;;x
c_mekoryuk_adj;Mikuryar;;;;;;;;;x
b_mekoryuk;Mikuryar;;;;;;;;;x
c_stebbins;Tapraq;;;;;;;;;x
c_stebbins_adj;Tapraq;;;;;;;;;x
b_stebbins;Tapraq;;;;;;;;;x
b_stuart_island;Qikertarpak ;;;;;;;;;x
c_upper_kalskag;Qalqaq;;;;;;;;;x
c_upper_kalskag_adj;Qalqaq;;;;;;;;;x
b_upper_kalskag;Qalqaq;;;;;;;;;x
b_lower_kalskag;Lower Qalqaq;;;;;;;;;x
b_arhymot;Arhymot;;;;;;;;;x
b_kukaklik;Kukaklik;;;;;;;;;x
b_kulik;Kulik;;;;;;;;;x
d_togiak;Tuyuryaq;;;;;;;;;x
d_togiak_adj;Tuyuryaq;;;;;;;;;x
c_togiak;Tuyuryaq;;;;;;;;;x
c_togiak_adj;Tuyuryaq;;;;;;;;;x
b_togiak;Tuyuryaq;;;;;;;;;x
b_hagemeister;Alaska;;;;;;;;;x
b_twin_hills;Ingricuar;;;;;;;;;x
c_platinum;Arviiq;;;;;;;;;x
c_platinum_adj;Arviiq;;;;;;;;;x
b_platinum;Arviiq;;;;;;;;;x
b_goodnews_bay;Mamterat;;;;;;;;;x
b_newenham;Newenham;;;;;;;;;x
c_aleknagik;Alaqnaqiq;;;;;;;;;x
c_aleknagik_adj;Alaqnaqiq;;;;;;;;;x
b_aleknagik;Alaqnaqiq;;;;;;;;;x
b_nerka;Nerka;;;;;;;;;x
b_nunavaugaluk;Nunavaugaluk;;;;;;;;;x
c_manokotak;Manuquutaq;;;;;;;;;x
c_manokotak_adj;Manuquutaq;;;;;;;;;x
b_manokotak;Manuquutaq;;;;;;;;;x
d_ekuk;Iquk;;;;;;;;;x
d_ekuk_adj;Iquk;;;;;;;;;x
c_ekuk;Iquk;;;;;;;;;x
c_ekuk_adj;Iquk;;;;;;;;;x
b_ekuk;Iquk;;;;;;;;;x
b_dillingham;Curyung;;;;;;;;;x
c_levellock;Liivlek;;;;;;;;;x
c_levellock_adj;Liivlek;;;;;;;;;x
b_levellock;Liivlek;;;;;;;;;x
b_igiugig;Igiugig;;;;;;;;;x
b_alagnak;Alagnak;;;;;;;;;x
c_iliamna;Illiamna;;;;;;;;;x
c_iliamna_adj;Illiamna;;;;;;;;;x
b_iliamna;Illiamna;;;;;;;;;x
b_newhalen;Nughilen;;;;;;;;;x
b_nondalton;Nundaltin;;;;;;;;;x
c_tyonek;Qaggeyshlat;;;;;;;;;x
c_tyonek_adj;Qaggeyshlat;;;;;;;;;x
b_tyonek;Qaggeyshlat;;;;;;;;;x
b_beluga;Beluga;;;;;;;;;x
c_kokhanok;Qarr'unaq;;;;;;;;;x
c_kokhanok_adj;Qarr'unaq;;;;;;;;;x
b_kokhanok;Qarr'unaq;;;;;;;;;x
b_katmai;Katmai;;;;;;;;;x
d_naknek;Nakniq;;;;;;;;;x
d_naknek_adj;Nakniq;;;;;;;;;x
c_naknek;Nakniq;;;;;;;;;x
c_naknek_adj;Nakniq;;;;;;;;;x
b_naknek;Nakniq;;;;;;;;;x
b_king_salmon;King Salmon;;;;;;;;;x
c_egegik;Igyagiiq;;;;;;;;;x
c_egegik_adj;Igyagiiq;;;;;;;;;x
b_egegik;Igyagiiq;;;;;;;;;x
b_becharof;Becharof;;;;;;;;;x
c_pilot_point;Agisaq;;;;;;;;;x
c_pilot_point_adj;Agisaq;;;;;;;;;x
b_pilot_point;Agisaq;;;;;;;;;x
b_ugashik;Ugashik;;;;;;;;;x
c_port_heiden;Masrriq;;;;;;;;;x
c_port_heiden_adj;Masrriq;;;;;;;;;x
b_port_heiden;Masrriq;;;;;;;;;x
b_aniakchak;Aniakchak;;;;;;;;;x
c_chignik;Cirniq;;;;;;;;;x
c_chignik_adj;Cirniq;;;;;;;;;x
b_chignik;Cirniq;;;;;;;;;x
d_akutan;Unangam Tanangin;;;;;;;;;x
d_akutan_adj;Unangam Tanangin;;;;;;;;;x
c_sand_point;Qagun Tayagungin;;;;;;;;;x
c_sand_point_adj;Qagun Tayagungin;;;;;;;;;x
b_sand_point;Qagun Tayagungin;;;;;;;;;x
b_unga;Ugnaasaqax;;;;;;;;;x
b_korovin;Korovin;;;;;;;;;x
b_andronica;Angiidaak;;;;;;;;;x
c_akutan;Achan-ingiiga;;;;;;;;;x
c_akutan_adj;Achan-ingiiga;;;;;;;;;x
b_akutan;Achan-ingiiga;;;;;;;;;x
b_akun;Akun;;;;;;;;;x
b_tigalda;Tigalda;;;;;;;;;x
c_unimak;Unimax;;;;;;;;;x
c_unimak_adj;Unimax;;;;;;;;;x
b_unimak;Unimax;;;;;;;;;x
c_cold_bay;Udaamagax;;;;;;;;;x
c_cold_bay_adj;Udaamagax;;;;;;;;;x
b_cold_bay;Udaamagax;;;;;;;;;x
c_perryville;Perry-q;;;;;;;;;x
c_perryville_adj;Perry-q;;;;;;;;;x
b_perryville;Perry-q;;;;;;;;;x
c_kings_cove;Agdaagux;;;;;;;;;x
c_kings_cove_adj;Agdaagux;;;;;;;;;x
b_kings_cove;Agdaagux;;;;;;;;;x
b_dolgoi;Anganaxsix;;;;;;;;;x
k_nunavut;Nunavut;Nunavut;Nunavut;Nunavut;Nunavut;Nunavut;Nunavut;Nunavut;Nunavut;Nunavut;Nunavut;Nunavut;Nunavut;x;
k_nunavut_adj;Nunavut;Nunavut;Nunavut;Nunavut;Nunavut;Nunavut;Nunavut;Nunavut;Nunavut;Nunavut;Nunavut;Nunavut;Nunavut;x;
d_vuntut;Yukon;;;;;;;;;;;;;x;
d_vuntut_adj;Yukon;;;;;;;;;;;;;x;
c_vuntut;Vuntut;;;;;;;;;;;;;x;
c_vuntut_adj;Vuntut;;;;;;;;;;;;;x;
b_vuntut;Vuntut;;;;;;;;;;;;;x;
b_ivvavik;Ivvavik;;;;;;;;;;;;;x;
b_old_crow;Old Crow;;;;;;;;;;;;;x;
c_aklavik;Aklavik;;;;;;;;;;;;;x;
c_aklavik_adj;Aklavik;;;;;;;;;;;;;x;
b_aklavik;Aklavik;;;;;;;;;;;;;x;
c_tuktoyaltuk;Tuktoyaltuk;;;;;;;;;;;;;x;
c_tuktoyaltuk_adj;Tuktoyaltuk;;;;;;;;;;;;;x;
b_tuktoyaltuk;Tuktoyaltuk;;;;;;;;;;;;;x;
c_inuvik;Inuvik;;;;;;;;;;;;;x;
c_inuvik_adj;Inuvik;;;;;;;;;;;;;x;
b_inuvik;Inuvik;;;;;;;;;;;;;x;
c_tetlit_gwichin;Tetlit Gwichin;;;;;;;;;;;;;x;
c_tetlit_gwichin_adj;Tetlit Gwichin;;;;;;;;;;;;;x;
b_tetlit_gwichin;Tetlit Gwichin;;;;;;;;;;;;;x;
c_nacho_nyak_dun;Nacho Nyak Dun;;;;;;;;;;;;;x;
c_nacho_nyak_dun_adj;Nacho Nyak Dun;;;;;;;;;;;;;x;
b_nacho_nyak_dun;Nacho Nyak Dun;;;;;;;;;;;;;x;
b_nacho_big_island;Big Island;;;;;;;;;;;;;x;
b_nacho_mayo;Nacho Mayo;;;;;;;;;;;;;x;
d_victorianew;Kitlineq;;;;;;;;;;;;;x;
d_victorianew_adj;Kitlineq;;;;;;;;;;;;;x;
c_victorianew;Kitlineq;;;;;;;;;;;;;x;
c_victorianew_adj;Kitlineq;;;;;;;;;;;;;x;
b_ulukhaktok;Ulukhaktok;;;;;;;;;;;;;x;
b_cambridge_bay;Iqaluktuuttiaq;;;;;;;;;;;;;x;
c_prince_of_walles;Prince of Walles;;;;;;;;;;;;;x;
c_prince_of_walles_adj;Prince of Walles;;;;;;;;;;;;;x;
b_prince_of_walles;Prince of Walles;;;;;;;;;;;;;x;
c_banks;Ikahuak;;;;;;;;;;;;;x;
c_banks_adj;Ikahuak;;;;;;;;;;;;;x;
b_sachs_harbour;Ikahuak;;;;;;;;;;;;;x;
c_paulatuk;Paulatuk;;;;;;;;;;;;;x;
c_paulatuk_adj;Paulatuk;;;;;;;;;;;;;x;
b_paulatuk;Paulatuk;;;;;;;;;;;;;x;
c_kugluktuk;Kugluktuk;;;;;;;;;;;;;x;
c_kugluktuk_adj;Kugluktuk;;;;;;;;;;;;;x;
b_kugluktuk;Kugluktuk;;;;;;;;;;;;;x;
c_wekweeti;Wekweeti;;;;;;;;;;;;;x;
c_wekweeti_adj;Wekweeti;;;;;;;;;;;;;x;
b_wekweeti;Wekweeti;;;;;;;;;;;;;x;
c_yellowknife;Soombak'è;;;;;;;;;;;;;x;
c_yellowknife_adj;Soombak'è;;;;;;;;;;;;;x;
b_yellowknife;Soombak'è;;;;;;;;;;;;;x;
b_dettah;Dettah;;;;;;;;;;;;;x;
d_gjoa;Uqsuqtuuq;;;;;;;;;;;;;x;
d_gjoa_adj;Uqsuqtuuq;;;;;;;;;;;;;x;
c_gjoa;Uqsuqtuuq;;;;;;;;;;;;;x;
c_gjoa_adj;Uqsuqtuuq;;;;;;;;;;;;;x;
b_gjoa;Uqsuqtuuq;;;;;;;;;;;;;x;
c_baker_lakenew;Qamanittuaq;;;;;;;;;;;;;x;
c_baker_lakenew_adj;Qamanittuaq;;;;;;;;;;;;;x;
b_baker_lakenew;Qamanittuaq;;;;;;;;;;;;;x;
c_kugaaruk;Kugaaruk;;;;;;;;;;;;;x;
c_kugaaruk_adj;Kugaaruk;;;;;;;;;;;;;x;
b_kugaaruk;Kugaaruk;;;;;;;;;;;;;x;
c_chesterfieldnew;Igluligaarjuk;;;;;;;;;;;;;x;
c_chesterfieldnew_adj;Igluligaarjuk;;;;;;;;;;;;;x;
b_chesterfieldnew;Igluligaarjuk;;;;;;;;;;;;;x;
c_bathurstnew;Kiluhiqtuq;;;;;;;;;;;;;x;
c_bathurstnew_adj;Kiluhiqtuq;;;;;;;;;;;;;x;
b_bathurstnew;Kiluhiqtuq;;;;;;;;;;;;;x;
c_taloyoak;Taloyoak;;;;;;;;;;;;;x;
c_taloyoak_adj;Taloyoak;;;;;;;;;;;;;x;
b_taloyoak;Taloyoak;;;;;;;;;;;;;x;
b_fort_ross;Fort Ross;;;;;;;;;;;;;x;
d_coral_harbour;Salliq;;;;;;;;;;;;;x;
d_coral_harbour_adj;Salliq;;;;;;;;;;;;;x;
c_coral_harbour;Salliq;;;;;;;;;;;;;x;
c_coral_harbour_adj;Salliq;;;;;;;;;;;;;x;
b_coral_harbour;Salliq;;;;;;;;;;;;;x;
b_east_bay;East Bay;;;;;;;;;;;;;x;
c_mansel;Pujjunaq;;;;;;;;;;;;;x;
c_mansel_adj;Pujjunaq;;;;;;;;;;;;;x;
b_mansel;Pujjunaq;;;;;;;;;;;;;x;
c_coats;Appatuurjuaq;;;;;;;;;;;;;x;
c_coats_adj;Appatuurjuaq;;;;;;;;;;;;;x;
b_coats;Appatuurjuaq;;;;;;;;;;;;;x;
c_naujaat;Naujaat;;;;;;;;;;;;;x;
c_naujaat_adj;Naujaat;;;;;;;;;;;;;x;
b_naujaat;Naujaat;;;;;;;;;;;;;x;
b_ukkusiksalik;Ukkusiksalik;;;;;;;;;;;;;x;
c_sanirajak;Sanirajak;;;;;;;;;;;;;x;
c_sanirajak_adj;Sanirajak;;;;;;;;;;;;;x;
b_sanirajak;Sanirajak;;;;;;;;;;;;;x;
b_Igloolik;Igloolik;;;;;;;;;;;;;x;
d_anchor_point;K'kaq';;;;;;;;;;;;;x;
d_anchor_point_adj;K'kaq';;;;;;;;;;;;;x;
d_kodiak;Sun'aq;;;;;;;;;;;;;x;
d_kodiak_adj;Sun'aq;;;;;;;;;;;;;x;
c_kodiak;Igloolik;;;;;;;;;;;;;x;
c_kodiak_adj;Igloolik;;;;;;;;;;;;;x;
c_akhiok;Igloolik;;;;;;;;;;;;;x;
c_akhiok_adj;Igloolik;;;;;;;;;;;;;x;
d_anchorage;Dgheyay Kaq';;;;;;;;;;;;;x;
d_anchorage_adj;Dgheyay Kaq';;;;;;;;;;;;;x;
d_qikiqtaaluk;Qikiqtaaluk;Qikiqtaaluk;Qikiqtaaluk;Qikiqtaaluk;Qikiqtaaluk;Qikiqtaaluk;Qikiqtaaluk;Qikiqtaaluk;Qikiqtaaluk;Qikiqtaaluk;Qikiqtaaluk;Qikiqtaaluk;Qikiqtaaluk;x;
d_qikiqtaaluk_adj;Qikiqtaaluk;Qikiqtaaluk;Qikiqtaaluk;Qikiqtaaluk;Qikiqtaaluk;Qikiqtaaluk;Qikiqtaaluk;Qikiqtaaluk;Qikiqtaaluk;Qikiqtaaluk;Qikiqtaaluk;Qikiqtaaluk;Qikiqtaaluk;x;
c_iqaluit;Iqaluit;Iqaluit;Iqaluit;Iqaluit;Iqaluit;Iqaluit;Iqaluit;Iqaluit;Iqaluit;Iqaluit;Iqaluit;Iqaluit;Iqaluit;x;
c_iqaluit_adj;Iqaluit;Iqaluit;Iqaluit;Iqaluit;Iqaluit;Iqaluit;Iqaluit;Iqaluit;Iqaluit;Iqaluit;Iqaluit;Iqaluit;Iqaluit;x;
b_iqaluit;Iqaluit;Iqaluit;Iqaluit;Iqaluit;Iqaluit;Iqaluit;Iqaluit;Iqaluit;Iqaluit;Iqaluit;Iqaluit;Iqaluit;Iqaluit;x;
b_niaqunngut;Niaqunngut;Niaqunngut;Niaqunngut;Niaqunngut;Niaqunngut;Niaqunngut;Niaqunngut;Niaqunngut;Niaqunngut;Niaqunngut;Niaqunngut;Niaqunngut;Niaqunngut;x;
b_takuligjuaq;Takuligjuaq;Takuligjuaq;Takuligjuaq;Takuligjuaq;Takuligjuaq;Takuligjuaq;Takuligjuaq;Takuligjuaq;Takuligjuaq;Takuligjuaq;Takuligjuaq;Takuligjuaq;Takuligjuaq;x;
b_kipisa;Kipisa;Kipisa;Kipisa;Kipisa;Kipisa;Kipisa;Kipisa;Kipisa;Kipisa;Kipisa;Kipisa;Kipisa;Kipisa;x;
b_shakshukuk;Shakshukuk;Shakshukuk;Shakshukuk;Shakshukuk;Shakshukuk;Shakshukuk;Shakshukuk;Shakshukuk;Shakshukuk;Shakshukuk;Shakshukuk;Shakshukuk;Shakshukuk;x;
b_kangigutsak;Kangigutsak;Kangigutsak;Kangigutsak;Kangigutsak;Kangigutsak;Kangigutsak;Kangigutsak;Kangigutsak;Kangigutsak;Kangigutsak;Kangigutsak;Kangigutsak;Kangigutsak;x;
b_opingivik;Opingivik;Opingivik;Opingivik;Opingivik;Opingivik;Opingivik;Opingivik;Opingivik;Opingivik;Opingivik;Opingivik;Opingivik;Opingivik;x;
c_amadjuak;Amadjuak;Amadjuak;Amadjuak;Amadjuak;Amadjuak;Amadjuak;Amadjuak;Amadjuak;Amadjuak;Amadjuak;Amadjuak;Amadjuak;Amadjuak;x;
c_amadjuak_adj;Amadjuak;Amadjuak;Amadjuak;Amadjuak;Amadjuak;Amadjuak;Amadjuak;Amadjuak;Amadjuak;Amadjuak;Amadjuak;Amadjuak;Amadjuak;x;
b_amadjuak;Amadjuak;Amadjuak;Amadjuak;Amadjuak;Amadjuak;Amadjuak;Amadjuak;Amadjuak;Amadjuak;Amadjuak;Amadjuak;Amadjuak;Amadjuak;x;
b_katanillik;Katanillik;Katanillik;Katanillik;Katanillik;Katanillik;Katanillik;Katanillik;Katanillik;Katanillik;Katanillik;Katanillik;Katanillik;Katanillik;x;
b_kimmirut;Kimmirut;Kimmirut;Kimmirut;Kimmirut;Kimmirut;Kimmirut;Kimmirut;Kimmirut;Kimmirut;Kimmirut;Kimmirut;Kimmirut;Kimmirut;x;
b_kinngait;Kinngait;Kinngait;Kinngait;Kinngait;Kinngait;Kinngait;Kinngait;Kinngait;Kinngait;Kinngait;Kinngait;Kinngait;Kinngait;x;
b_sikusiilaq;Sikusiilaq;Sikusiilaq;Sikusiilaq;Sikusiilaq;Sikusiilaq;Sikusiilaq;Sikusiilaq;Sikusiilaq;Sikusiilaq;Sikusiilaq;Sikusiilaq;Sikusiilaq;Sikusiilaq;x;
b_mallikjuak;Mallikjuak;Mallikjuak;Mallikjuak;Mallikjuak;Mallikjuak;Mallikjuak;Mallikjuak;Mallikjuak;Mallikjuak;Mallikjuak;Mallikjuak;Mallikjuak;Mallikjuak;x;
b_okolli;Okolli;Okolli;Okolli;Okolli;Okolli;Okolli;Okolli;Okolli;Okolli;Okolli;Okolli;Okolli;Okolli;x;
c_pangnirtung;Pangnirtung;Pangnirtung;Pangnirtung;Pangnirtung;Pangnirtung;Pangnirtung;Pangnirtung;Pangnirtung;Pangnirtung;AmaPangnirtungdjuak;Pangnirtung;Pangnirtung;Pangnirtung;x;
c_pangnirtung_adj;Pangnirtung;Pangnirtung;Pangnirtung;Pangnirtung;Pangnirtung;Pangnirtung;Pangnirtung;Pangnirtung;Pangnirtung;Pangnirtung;Pangnirtung;Pangnirtung;Pangnirtung;x;
b_pangnirtung;Pangnirtung;Pangnirtung;Pangnirtung;Pangnirtung;Pangnirtung;Pangnirtung;Pangnirtung;Pangnirtung;Pangnirtung;AmaPangnirtungdjuak;Pangnirtung;Pangnirtung;Pangnirtung;x;
b_qikiqtarjuaq;Qikiqtarjuaq;Qikiqtarjuaq;Qikiqtarjuaq;Qikiqtarjuaq;Qikiqtarjuaq;Qikiqtarjuaq;Qikiqtarjuaq;Qikiqtarjuaq;Qikiqtarjuaq;Qikiqtarjuaq;Qikiqtarjuaq;Qikiqtarjuaq;Qikiqtarjuaq;x;
b_kivitoo;Kivitoo;Kivitoo;Kivitoo;Kivitoo;Kivitoo;Kivitoo;Kivitoo;Kivitoo;Kivitoo;Kivitoo;Kivitoo;Kivitoo;Kivitoo;x;
b_auyuittuq;Auyuittuq;Auyuittuq;Auyuittuq;Auyuittuq;Auyuittuq;Auyuittuq;Auyuittuq;Auyuittuq;Auyuittuq;Auyuittuq;Auyuittuq;Auyuittuq;Auyuittuq;x;
b_nunaktak;Nunaktak;Nunaktak;Nunaktak;Nunaktak;Nunaktak;Nunaktak;Nunaktak;Nunaktak;Nunaktak;Nunaktak;Nunaktak;Nunaktak;Nunaktak;x;
b_kekertelung;Kekertelung;Kekertelung;Kekertelung;Kekertelung;Kekertelung;Kekertelung;Kekertelung;Kekertelung;Kekertelung;Kekertelung;Kekertelung;Kekertelung;Kekertelung;x;
b_kerkertal;Kerkertal;Kerkertal;Kerkertal;Kerkertal;Kerkertal;Kerkertal;Kerkertal;Kerkertal;Kerkertal;Kerkertal;Kerkertal;Kerkertal;Kerkertal;x;
c_kanngiqtugaapik;Kanngiqtugaapik;Kanngiqtugaapik;Kanngiqtugaapik;Kanngiqtugaapik;Kanngiqtugaapik;Kanngiqtugaapik;Kanngiqtugaapik;Kanngiqtugaapik;Kanngiqtugaapik;Kanngiqtugaapik;Kanngiqtugaapik;Kanngiqtugaapik;Kanngiqtugaapik;x;
c_kanngiqtugaapik_adj;Kanngiqtugaapik;Kanngiqtugaapik;Kanngiqtugaapik;Kanngiqtugaapik;Kanngiqtugaapik;Kanngiqtugaapik;Kanngiqtugaapik;Kanngiqtugaapik;Kanngiqtugaapik;Kanngiqtugaapik;Kanngiqtugaapik;Kanngiqtugaapik;Kanngiqtugaapik;x;
b_kanngiqtugaapik;Kanngiqtugaapik;Kanngiqtugaapik;Kanngiqtugaapik;Kanngiqtugaapik;Kanngiqtugaapik;Kanngiqtugaapik;Kanngiqtugaapik;Kanngiqtugaapik;Kanngiqtugaapik;Kanngiqtugaapik;Kanngiqtugaapik;Kanngiqtugaapik;Kanngiqtugaapik;x;
b_ammaluqtuq;Ammaluqtuq;Ammaluqtuq;Ammaluqtuq;Ammaluqtuq;Ammaluqtuq;Ammaluqtuq;Ammaluqtuq;Ammaluqtuq;Ammaluqtuq;Ammaluqtuq;Ammaluqtuq;Ammaluqtuq;Ammaluqtuq;x;
b_sillem;Sillem;Sillem;Sillem;Sillem;Sillem;Sillem;Sillem;Sillem;Sillem;Sillem;Sillem;Sillem;Sillem;x;
b_aulitivik;Aulitivik;Aulitivik;Aulitivik;Aulitivik;Aulitivik;Aulitivik;Aulitivik;Aulitivik;Aulitivik;Aulitivik;Aulitivik;Aulitivik;Aulitivik;x;
b_aulitiving;Aulitiving;Aulitiving;Aulitiving;Aulitiving;Aulitiving;Aulitiving;Aulitiving;Aulitiving;Aulitiving;Aulitiving;Aulitiving;Aulitiving;Aulitiving;x;
b_ukpik;Ukpik;Ukpik;Ukpik;Ukpik;Ukpik;Ukpik;Ukpik;Ukpik;Ukpik;Ukpik;Ukpik;Ukpik;Ukpik;x;
b_kisimngiuqtuq;Kisimngiuqtuq;Kisimngiuqtuq;Kisimngiuqtuq;Kisimngiuqtuq;Kisimngiuqtuq;Kisimngiuqtuq;Kisimngiuqtuq;Kisimngiuqtuq;Kisimngiuqtuq;Kisimngiuqtuq;Kisimngiuqtuq;Kisimngiuqtuq;Kisimngiuqtuq;x;
c_ikpiarjuk;Ikpiarjuk;Ikpiarjuk;Ikpiarjuk;Ikpiarjuk;Ikpiarjuk;Ikpiarjuk;Ikpiarjuk;Ikpiarjuk;Ikpiarjuk;Ikpiarjuk;Ikpiarjuk;Ikpiarjuk;Ikpiarjuk;x;
c_ikpiarjuk_adj;Ikpiarjuk;Ikpiarjuk;Ikpiarjuk;Ikpiarjuk;Ikpiarjuk;Ikpiarjuk;Ikpiarjuk;Ikpiarjuk;Ikpiarjuk;Ikpiarjuk;Ikpiarjuk;Ikpiarjuk;Ikpiarjuk;x;
b_ikpiarjuk;Ikpiarjuk;Ikpiarjuk;Ikpiarjuk;Ikpiarjuk;Ikpiarjuk;Ikpiarjuk;Ikpiarjuk;Ikpiarjuk;Ikpiarjuk;Ikpiarjuk;Ikpiarjuk;Ikpiarjuk;Ikpiarjuk;x;
b_nanisivik;Nanisivik;Nanisivik;Nanisivik;Nanisivik;Nanisivik;Nanisivik;Nanisivik;Nanisivik;Nanisivik;Nanisivik;Nanisivik;Nanisivik;Nanisivik;x;
b_mittimatalik;Mittimatalik;Mittimatalik;Mittimatalik;Mittimatalik;Mittimatalik;Mittimatalik;Mittimatalik;Mittimatalik;Mittimatalik;Mittimatalik;Mittimatalik;Mittimatalik;Mittimatalik;x;
b_shimik;Shimik;Shimik;Shimik;Shimik;Shimik;Shimik;Shimik;Shimik;Shimik;Shimik;Shimik;Shimik;Shimik;x;
b_sirmilik;Sirmilik;Sirmilik;Sirmilik;Sirmilik;Sirmilik;Sirmilik;Sirmilik;Sirmilik;Sirmilik;Sirmilik;Sirmilik;Sirmilik;Sirmilik;x;
b_kapuivik;Kapuivik;Kapuivik;Kapuivik;Kapuivik;Kapuivik;Kapuivik;Kapuivik;Kapuivik;Kapuivik;Kapuivik;Kapuivik;Kapuivik;Kapuivik;x;
b_angilaaq;Angilaaq;Angilaaq;Angilaaq;Angilaaq;Angilaaq;Angilaaq;Angilaaq;Angilaaq;Angilaaq;Angilaaq;Angilaaq;Angilaaq;Angilaaq;x;
d_nunavik;Nunavik;Nunavik;Nunavik;Nunavik;Nunavik;Nunavik;Nunavik;Nunavik;Nunavik;Nunavik;Nunavik;Nunavik;Nunavik;x;
d_nunavik_adj;Nunavik;Nunavik;Nunavik;Nunavik;Nunavik;Nunavik;Nunavik;Nunavik;Nunavik;Nunavik;Nunavik;Nunavik;Nunavik;x;
c_kuujjuaq;Kuujjuaq;Kuujjuaq;Kuujjuaq;Kuujjuaq;Kuujjuaq;Kuujjuaq;Kuujjuaq;Kuujjuaq;Kuujjuaq;Kuujjuaq;Kuujjuaq;Kuujjuaq;Kuujjuaq;x;
c_kuujjuaq_adj;Kuujjuaq;Kuujjuaq;Kuujjuaq;Kuujjuaq;Kuujjuaq;Kuujjuaq;Kuujjuaq;Kuujjuaq;Kuujjuaq;Kuujjuaq;Kuujjuaq;Kuujjuaq;Kuujjuaq;x;
b_kuujjuaq;Kuujjuaq;Kuujjuaq;Kuujjuaq;Kuujjuaq;Kuujjuaq;Kuujjuaq;Kuujjuaq;Kuujjuaq;Kuujjuaq;Kuujjuaq;Kuujjuaq;Kuujjuaq;Kuujjuaq;x;
b_tasiujaq;Tasiujaq;Tasiujaq;Tasiujaq;Tasiujaq;Tasiujaq;Tasiujaq;Tasiujaq;Tasiujaq;Tasiujaq;Tasiujaq;Tasiujaq;Tasiujaq;Tasiujaq;x;
b_aupaluk;Aupaluk;Aupaluk;Aupaluk;Aupaluk;Aupaluk;Aupaluk;Aupaluk;Aupaluk;Aupaluk;Aupaluk;Aupaluk;Aupaluk;Aupaluk;x;
b_qikirtajuaq;Qikirtajuaq;Qikirtajuaq;Qikirtajuaq;Qikirtajuaq;Qikirtajuaq;Qikirtajuaq;Qikirtajuaq;Qikirtajuaq;Qikirtajuaq;Qikirtajuaq;Qikirtajuaq;Qikirtajuaq;Qikirtajuaq;x;
b_qaamanialuk_paanga;Qaamanialuk Paanga;Qaamanialuk Paanga;Qaamanialuk Paanga;Qaamanialuk Paanga;Qaamanialuk Paanga;Qaamanialuk Paanga;Qaamanialuk Paanga;Qaamanialuk Paanga;Qaamanialuk Paanga;Qaamanialuk Paanga;Qaamanialuk Paanga;Qaamanialuk Paanga;Qaamanialuk Paanga;x;
b_kativik;Kativik;Kativik;Kativik;Kativik;Kativik;Kativik;Kativik;Kativik;Kativik;Kativik;Kativik;Kativik;Kativik;x;
b_kilgavik;Kilgavik;Kilgavik;Kilgavik;Kilgavik;Kilgavik;Kilgavik;Kilgavik;Kilgavik;Kilgavik;Kilgavik;Kilgavik;Kilgavik;Kilgavik;x;
c_kangirsuk;Kangirsuk;Kangirsuk;Kangirsuk;Kangirsuk;Kangirsuk;Kangirsuk;Kangirsuk;Kangirsuk;Kangirsuk;Kangirsuk;Kangirsuk;Kangirsuk;Kangirsuk;x;
c_kangirsuk_adj;Kangirsuk;Kangirsuk;Kangirsuk;Kangirsuk;Kangirsuk;Kangirsuk;Kangirsuk;Kangirsuk;Kangirsuk;Kangirsuk;Kangirsuk;Kangirsuk;Kangirsuk;x;
b_kangirsuk;Kangirsuk;Kangirsuk;Kangirsuk;Kangirsuk;Kangirsuk;Kangirsuk;Kangirsuk;Kangirsuk;Kangirsuk;Kangirsuk;Kangirsuk;Kangirsuk;Kangirsuk;x;
b_qajartalik;Qajartalik;Qajartalik;Qajartalik;Qajartalik;Qajartalik;Qajartalik;Qajartalik;Qajartalik;Qajartalik;Qajartalik;Qajartalik;Qajartalik;Qajartalik;x;
b_kangiqsujuaq;Kangiqsujuaq;Kangiqsujuaq;Kangiqsujuaq;Kangiqsujuaq;Kangiqsujuaq;Kangiqsujuaq;Kangiqsujuaq;Kangiqsujuaq;Kangiqsujuaq;Kangiqsujuaq;Kangiqsujuaq;Kangiqsujuaq;Kangiqsujuaq;x;
b_quaqtaq;Quaqtaq;Quaqtaq;Quaqtaq;Quaqtaq;Quaqtaq;Quaqtaq;Quaqtaq;Quaqtaq;Quaqtaq;Quaqtaq;Quaqtaq;Quaqtaq;Quaqtaq;x;
b_akpatok;Akpatok;Akpatok;Akpatok;Akpatok;Akpatok;Akpatok;Akpatok;Akpatok;Akpatok;Akpatok;Akpatok;Akpatok;Akpatok;x;
b_tuvaaluk;Tuvaaluk;Tuvaaluk;Tuvaaluk;Tuvaaluk;Tuvaaluk;Tuvaaluk;Tuvaaluk;Tuvaaluk;Tuvaaluk;Tuvaaluk;Tuvaaluk;Tuvaaluk;Tuvaaluk;x;
b_pingualuit;Pingualuit;Pingualuit;Pingualuit;Pingualuit;Pingualuit;Pingualuit;Pingualuit;Pingualuit;Pingualuit;Pingualuit;Pingualuit;Pingualuit;Pingualuit;x;
c_ivujivik;Ivujivik;Ivujivik;Ivujivik;Ivujivik;Ivujivik;Ivujivik;Ivujivik;Ivujivik;Ivujivik;Ivujivik;Ivujivik;Ivujivik;Ivujivik;x;
c_ivujivik_adj;Ivujivik;Ivujivik;Ivujivik;Ivujivik;Ivujivik;Ivujivik;Ivujivik;Ivujivik;Ivujivik;Ivujivik;Ivujivik;Ivujivik;Ivujivik;x;
b_ivujivik;Ivujivik;Ivujivik;Ivujivik;Ivujivik;Ivujivik;Ivujivik;Ivujivik;Ivujivik;Ivujivik;Ivujivik;Ivujivik;Ivujivik;Ivujivik;x;
b_puvirnituq;Puvirnituq;Puvirnituq;Puvirnituq;Puvirnituq;Puvirnituq;Puvirnituq;Puvirnituq;Puvirnituq;Puvirnituq;Puvirnituq;Puvirnituq;Puvirnituq;Puvirnituq;x;
b_sugluk;Sugluk;Sugluk;Sugluk;Sugluk;Sugluk;Sugluk;Sugluk;Sugluk;Sugluk;Sugluk;Sugluk;Sugluk;Sugluk;x;
b_salluit;Salluit;Salluit;Salluit;Salluit;Salluit;Salluit;Salluit;Salluit;Salluit;Salluit;Salluit;Salluit;Salluit;x;
b_akulivik;Akulivik;Akulivik;Akulivik;Akulivik;Akulivik;Akulivik;Akulivik;Akulivik;Akulivik;Akulivik;Akulivik;Akulivik;Akulivik;x;
b_pujjunaq;Pujjunaq;Pujjunaq;Pujjunaq;Pujjunaq;Pujjunaq;Pujjunaq;Pujjunaq;Pujjunaq;Pujjunaq;Pujjunaq;Pujjunaq;Pujjunaq;Pujjunaq;x;
b_papiit;Papiit;Papiit;Papiit;Papiit;Papiit;Papiit;Papiit;Papiit;Papiit;Papiit;Papiit;Papiit;Papiit;x;
c_umiujaq;Umiujaq;Umiujaq;Umiujaq;Umiujaq;Umiujaq;Umiujaq;Umiujaq;Umiujaq;Umiujaq;Umiujaq;Umiujaq;Umiujaq;Umiujaq;x;
c_umiujaq_adj;Umiujaq;Umiujaq;Umiujaq;Umiujaq;Umiujaq;Umiujaq;Umiujaq;Umiujaq;Umiujaq;Umiujaq;Umiujaq;Umiujaq;Umiujaq;x;
b_umiujaq;Umiujaq;Umiujaq;Umiujaq;Umiujaq;Umiujaq;Umiujaq;Umiujaq;Umiujaq;Umiujaq;Umiujaq;Umiujaq;Umiujaq;Umiujaq;x;
b_inukjuak;Inukjuak;Inukjuak;Inukjuak;Inukjuak;Inukjuak;Inukjuak;Inukjuak;Inukjuak;Inukjuak;Inukjuak;Inukjuak;Inukjuak;Inukjuak;x;
b_inurjuat;Inurjuat;Inurjuat;Inurjuat;Inurjuat;Inurjuat;Inurjuat;Inurjuat;Inurjuat;Inurjuat;Inurjuat;Inurjuat;Inurjuat;Inurjuat;x;
b_tasiujaq;Tasiujaq;Tasiujaq;Tasiujaq;Tasiujaq;Tasiujaq;Tasiujaq;Tasiujaq;Tasiujaq;Tasiujaq;Tasiujaq;Tasiujaq;Tasiujaq;Tasiujaq;x;
b_qasigialingat;Qasigialingat;Qasigialingat;Qasigialingat;Qasigialingat;Qasigialingat;Qasigialingat;Qasigialingat;Qasigialingat;Qasigialingat;Qasigialingat;Qasigialingat;Qasigialingat;Qasigialingat;x;
b_tursujuq;Tursujuq;Tursujuq;Tursujuq;Tursujuq;Tursujuq;Tursujuq;Tursujuq;Tursujuq;Tursujuq;Tursujuq;Tursujuq;Tursujuq;Tursujuq;x;
b_avaqqutaq;Avaqqutaq;Avaqqutaq;Avaqqutaq;Avaqqutaq;Avaqqutaq;Avaqqutaq;Avaqqutaq;Avaqqutaq;Avaqqutaq;Avaqqutaq;Avaqqutaq;Avaqqutaq;Avaqqutaq;x;
c_sanikiluaq;Sanikiluaq;Sanikiluaq;Sanikiluaq;Sanikiluaq;Sanikiluaq;Sanikiluaq;Sanikiluaq;Sanikiluaq;Sanikiluaq;Sanikiluaq;Sanikiluaq;Sanikiluaq;Sanikiluaq;x;
c_sanikiluaq_adj;Sanikiluaq;Sanikiluaq;Sanikiluaq;Sanikiluaq;Sanikiluaq;Sanikiluaq;Sanikiluaq;Sanikiluaq;Sanikiluaq;Sanikiluaq;Sanikiluaq;Sanikiluaq;Sanikiluaq;x;
b_sanikiluaq;Sanikiluaq;Sanikiluaq;Sanikiluaq;Sanikiluaq;Sanikiluaq;Sanikiluaq;Sanikiluaq;Sanikiluaq;Sanikiluaq;Sanikiluaq;Sanikiluaq;Sanikiluaq;Sanikiluaq;x;
b_kugong;Kugong;Kugong;Kugong;Kugong;Kugong;Kugong;Kugong;Kugong;Kugong;Kugong;Kugong;Kugong;Kugong;x;
b_tukarak;Tukarak;Tukarak;Tukarak;Tukarak;Tukarak;Tukarak;Tukarak;Tukarak;Tukarak;Tukarak;Tukarak;Tukarak;Tukarak;x;
b_innetalling;Innetalling;Innetalling;Innetalling;Innetalling;Innetalling;Innetalling;Innetalling;Innetalling;Innetalling;Innetalling;Innetalling;Innetalling;Innetalling;x;
b_qutjutuurusiit;Qutjutuurusiit;Qutjutuurusiit;Qutjutuurusiit;Qutjutuurusiit;Qutjutuurusiit;Qutjutuurusiit;Qutjutuurusiit;Qutjutuurusiit;Qutjutuurusiit;Qutjutuurusiit;Qutjutuurusiit;Qutjutuurusiit;Qutjutuurusiit;x;
b_mukpollo;Mukpollo;Mukpollo;Mukpollo;Mukpollo;Mukpollo;Mukpollo;Mukpollo;Mukpollo;Mukpollo;Mukpollo;Mukpollo;Mukpollo;Mukpollo;x;
b_omarolluk;Omarolluk;Omarolluk;Omarolluk;Omarolluk;Omarolluk;Omarolluk;Omarolluk;Omarolluk;Omarolluk;Omarolluk;Omarolluk;Omarolluk;Omarolluk;x;
k_nedene;Nadene;;;;;;;;;;;;;x
k_nedene_adj;Nadene;;;;;;;;;;;;;x
d_dehcho;Dehcho;;;;;;;;;;;;;x
d_dehcho_adj;Dehcho;;;;;;;;;;;;;x
c_dehcho;Dehcho;;;;;;;;;;;;;x
c_dehcho_adj;Dehcho;;;;;;;;;;;;;x
b_dehcho;Dehcho;;;;;;;;;;;;;x
b_jean_marie_river;Jean Marie River;;;;;;;;;;;;;x
b_simpson_fort;Simpson Fort;;;;;;;;;;;;;x
c_teslin;Teslin;;;;;;;;;;;;;x
c_teslin_adj;Teslin;;;;;;;;;;;;;x
b_teslin;Teslin;;;;;;;;;;;;;x
b_nisutlin;Nisutlin;;;;;;;;;;;;;x
b_squanga;Squanga;;;;;;;;;;;;;x
c_spatsizi;Spatsizi;;;;;;;;;;;;;x
c_spatsizi_adj;Spatsizi;;;;;;;;;;;;;x
b_spatsizi;Spatsizi;;;;;;;;;;;;;x
b_stikine;Spitkine;;;;;;;;;;;;;x
b_hotlesklwa;Hotlesklwa;;;;;;;;;;;;;x
c_nahanni_butte;Nahanni Butte;;;;;;;;;;;;;x
c_nahanni_butte_adj;Nahanni Butte;;;;;;;;;;;;;x
b_nahanni_butte;Nahanni Butte;;;;;;;;;;;;;x
b_liard;Liard;;;;;;;;;;;;;x
b_trout_lake;Trout Lake;;;;;;;;;;;;;x
c_iskut;Iskut;;;;;;;;;;;;;x
c_iskut_adj;Iskut;;;;;;;;;;;;;x
b_iskut;Iskut;;;;;;;;;;;;;x
b_eddontenajon;Eddontenajon;;;;;;;;;;;;;x
b_ehahcezetle;Ehahcezetle;;;;;;;;;;;;;x
b_tuktsayda;Tuksayda;;;;;;;;;;;;;x
c_kwadacha;Kwadacha;;;;;;;;;;;;;x
c_kwadacha_adj;Kwadacha;;;;;;;;;;;;;x
b_kwadacha;Kwadacha;;;;;;;;;;;;;x
b_muskwa;Muskwa;;;;;;;;;;;;;x
b_sylvia;Sylvia;;;;;;;;;;;;;x
d_dawson;Dawson;;;;;;;;;;;;;x
d_dawson_adj;Dawson;;;;;;;;;;;;;x
c_dawson;Dawson;;;;;;;;;;;;;x
c_dawson_adj;Dawson;;;;;;;;;;;;;x
b_dawson;Dawson;;;;;;;;;;;;;x
b_bear_creek;Bear Creek;;;;;;;;;;;;;x
b_eagle_village;Eagle Village;;;;;;;;;;;;;x
b_tombstone;Tombstone;;;;;;;;;;;;;x
c_selkirknew;Selkirk;;;;;;;;;;;;;x
c_selkirknew_adj;Selkirk;;;;;;;;;;;;;x
b_selkirknew;Selkirk;;;;;;;;;;;;;x
b_mattock;Mattock;;;;;;;;;;;;;x
b_libau;Libau;;;;;;;;;;;;;x
b_beaconia;Beaconia;;;;;;;;;;;;;x
b_brokenhead;Brokenhead;;;;;;;;;;;;;x
b_minner_ridge;Minner Ridge;;;;;;;;;;;;;x
c_carmacks;Carmacks;;;;;;;;;;;;;x
c_carmacks_adj;Carmacks;;;;;;;;;;;;;x
b_carmacks;Carmacks;;;;;;;;;;;;;x
b_ross_river;Ross River;;;;;;;;;;;;;x
b_beaver_creek;Beaver Creek;;;;;;;;;;;;;x
c_watson_lake;Watson Lake;;;;;;;;;;;;;x
c_watson_lake_adj;Watson Lake;;;;;;;;;;;;;x
b_watson_lake;Watson Lake;;;;;;;;;;;;;x
b_upper_liard;Upper Liard;;;;;;;;;;;;;x
b_rancheria;Rancheria;;;;;;;;;;;;;x
c_tagish;Tagish;;;;;;;;;;;;;x
c_tagish_adj;Tagish;;;;;;;;;;;;;x
b_tagish;Tagish;;;;;;;;;;;;;x
b_carcross;Carcross;;;;;;;;;;;;;x
b_marsh_lake;Marsh Lake;;;;;;;;;;;;;x
b_lorne;Lorne;;;;;;;;;;;;;x
b_whitehorse;Whitehorse;;;;;;;;;;;;;x
d_black_lake;Black Lake;;;;;;;;;;;;;x
d_black_lake_adj;Black Lake;;;;;;;;;;;;;x
c_black_lake;Black Lake;;;;;;;;;;;;;x
c_black_lake_adj;Black Lake;;;;;;;;;;;;;x
b_black_lake;Black Lake;;;;;;;;;;;;;x
b_stony_rapids;Stony Rapids;;;;;;;;;;;;;x
b_fond_du_lac;Fond du Lac;;;;;;;;;;;;;x
c_lutselke;Lutselk'e;;;;;;;;;;;;;x
c_lutselke_adj;Lutselk'e;;;;;;;;;;;;;x
b_lutselke;Lutselk'e;;;;;;;;;;;;;x
c_tadoule;Tadoule;;;;;;;;;;;;;x
c_tadoule_adj;Tadoule;;;;;;;;;;;;;x
b_tadoule;Tadoule;;;;;;;;;;;;;x
c_arviat;Arviat;;;;;;;;;;;;;x
c_arviat_adj;Arviat;;;;;;;;;;;;;x
b_arviat;Arviat;;;;;;;;;;;;;x
c_whale_cove;Tikirarjuaq;;;;;;;;;;;;;x
c_whale_cove_adj;Tikirarjuaq;;;;;;;;;;;;;x
b_whale_cove;Tikirarjuaq;;;;;;;;;;;;;x
c_rankin;Kangiqliniq;;;;;;;;;;;;;x
c_rankin_adj;Kangiqliniq;;;;;;;;;;;;;x
b_rankin;Kangiqliniq;;;;;;;;;;;;;x
d_mckay;Mckay;;;;;;;;;;;;;x
d_mckay_adj;Mckay;;;;;;;;;;;;;x
c_mckay;Mckay;;;;;;;;;;;;;x
c_mckay_adj;Mckay;;;;;;;;;;;;;x
b_mckay;Mckay;;;;;;;;;;;;;x
b_bitumount;Bitumount;;;;;;;;;;;;;x
b_mildred_lake;Mildred Lake;;;;;;;;;;;;;x
b_tar_island;Tar Island;;;;;;;;;;;;;x
b_timberlea;Timberlea;;;;;;;;;;;;;x
b_mcmurray;Mcmurray;;;;;;;;;;;;;x
b_anzac;Anzac;;;;;;;;;;;;;x
c_peerless_lake;Peerless Lake;;;;;;;;;;;;;x
c_peerless_lake_adj;Peerless Lake;;;;;;;;;;;;;x
b_peerless_lake;Peerless Lake;;;;;;;;;;;;;x
b_red_earth_creek;Red Earth Creek;;;;;;;;;;;;;x
b_trout_lake;Trout Lake;;;;;;;;;;;;;x
b_loon_lake;Loon Lake;;;;;;;;;;;;;x
c_birch_mountains;Birch Mountains;;;;;;;;;;;;;x
c_birch_mountains_adj;Birch Mountains;;;;;;;;;;;;;x
b_birch_mountains;Birch Mountains;;;;;;;;;;;;;x
b_chipewyan_lake;Chipewyan Lake;;;;;;;;;;;;;x
c_wabasca;Wabasca;;;;;;;;;;;;;x
c_wabasca_adj;Wabasca;;;;;;;;;;;;;x
b_wabasca;Wabasca;;;;;;;;;;;;;x
b_desmarais;Desmarais;;;;;;;;;;;;;x
c_weyakwin;Weyakwin;;;;;;;;;;;;;x
c_weyakwin_adj;Weyakwin;;;;;;;;;;;;;x
b_weyakwin;Weyakwin;;;;;;;;;;;;;x
b_timber_bay;Timber Bay;;;;;;;;;;;;;x
d_edmonton;Edmonton;;;;;;;;;;;;;x
d_edmonton_adj;Edmonton;;;;;;;;;;;;;x
c_edmonton;Edmonton;;;;;;;;;;;;;x
c_edmonton_adj;Edmonton;;;;;;;;;;;;;x
b_edmonton;Edmonton;;;;;;;;;;;;;x
b_stony_plane;Stony Plane;;;;;;;;;;;;;x
b_nisku;Nisku;;;;;;;;;;;;;x
b_legal;Legal;;;;;;;;;;;;;x
b_millet;Millet;;;;;;;;;;;;;x
b_warburg;Warburg;;;;;;;;;;;;;x
b_redwater;Redwater;;;;;;;;;;;;;x
c_valemount;Valemount;;;;;;;;;;;;;x
c_valemount_adj;Valemount;;;;;;;;;;;;;x
b_valemount;Valemount;;;;;;;;;;;;;x
b_cedarside;Cedarside;;;;;;;;;;;;;x
b_albreda;Albreda;;;;;;;;;;;;;x
b_shere;Shere;;;;;;;;;;;;;x
b_croydonnew;Croydon;;;;;;;;;;;;;x
c_peace_river;Peace River;;;;;;;;;;;;;x
c_peace_river_adj;Peace River;;;;;;;;;;;;;x
b_peace_river;Peace River;;;;;;;;;;;;;x
b_grimshaw;Grimshaw;;;;;;;;;;;;;x
b_berwyn;Berwyn;;;;;;;;;;;;;x
b_warrensville;Warrensville;;;;;;;;;;;;;x
b_weberville;Webersville;;;;;;;;;;;;;x
b_nampa;Nampa;;;;;;;;;;;;;x
c_wonowon;Wonowon;;;;;;;;;;;;;x
c_wonowon_adj;Wonowon;;;;;;;;;;;;;x
b_wonowon;Wonowon;;;;;;;;;;;;;x
b_kobes;Kobes;;;;;;;;;;;;;x
b_pink_mountain;Pink Mountain;;;;;;;;;;;;;x
b_upper_halfway;Upper Halfway;;;;;;;;;;;;;x
b_prespatou;Prespatou;;;;;;;;;;;;;x
c_ingenika_point;Ingenika Point;;;;;;;;;;;;;x
c_ingenika_point_adj;Ingenika Point;;;;;;;;;;;;;x
b_ingenika_point;Ingenika Point;;;;;;;;;;;;;x
b_tsay_ken_dene;Tsay Ken Dene;;;;;;;;;;;;;x
b_ware;Ware;;;;;;;;;;;;;x
d_fox_lake;Fox Lake;;;;;;;;;;;;;x
d_fox_lake_adj;Fox Lake;;;;;;;;;;;;;x
c_fox_lake;Fox Lake;;;;;;;;;;;;;x
c_fox_lake_adj;Fox Lake;;;;;;;;;;;;;x
b_fox_lake;Fox Lake;;;;;;;;;;;;;x
b_adams_landing;Adams Landing;;;;;;;;;;;;;x
b_garden_creek;Garden Creek;;;;;;;;;;;;;x
b_jackfish_river;Jackfish River;;;;;;;;;;;;;x
b_boyer;Boyer;;;;;;;;;;;;;x
c_behchoko;Behchoko;;;;;;;;;;;;;x
c_behchoko_adj;Behchoko;;;;;;;;;;;;;x
b_behchoko;Behchoko;;;;;;;;;;;;;x
b_edzo;Edzo;;;;;;;;;;;;;x
c_sambaa_ke;Sambaa K'e;;;;;;;;;;;;;x
c_sambaa_ke_adj;Sambaa K'e;;;;;;;;;;;;;x
b_sambaa_ke;Sambaa K'e;;;;;;;;;;;;;x
c_kakisa;Kakisa;;;;;;;;;;;;;x
c_kakisa_adj;Kakisa;;;;;;;;;;;;;x
b_kakisa;Kakisa;;;;;;;;;;;;;x
b_providence;Providence;;;;;;;;;;;;;x
c_hay_lake;Hay Lake;;;;;;;;;;;;;x
c_hay_lake_adj;Hay Lake;;;;;;;;;;;;;x
b_hay_lake;Hay Lake;;;;;;;;;;;;;x
b_habay;Habay;;;;;;;;;;;;;x
b_zama;Zama;;;;;;;;;;;;;x
b_assumption;Assumption;;;;;;;;;;;;;x
c_hay_river;Hay River;;;;;;;;;;;;;x
c_hay_river_adj;Hay River;;;;;;;;;;;;;x
b_hay_river;Hay River;;;;;;;;;;;;;x
b_enterprise;Enterprise;;;;;;;;;;;;;x
c_chipewyan;Chipewyan;;;;;;;;;;;;;x
c_chipewyan_adj;Chipewyan;;;;;;;;;;;;;x
b_chipewyan;Chipewyan;;;;;;;;;;;;;x
d_sahtu;Sahtu;;;;;;;;;;;;;x
d_sahtu_adj;Sahtu;;;;;;;;;;;;;x
c_sahtu;Sahtu;;;;;;;;;;;;;x
c_sahtu_adj;Sahtu;;;;;;;;;;;;;x
b_sahtu;Sahtu;;;;;;;;;;;;;x
b_tulita;Tulita;;;;;;;;;;;;;x
b_bear_rock;Bear Rock;;;;;;;;;;;;;x
c_wrigley;Wrigley;;;;;;;;;;;;;x
c_wrigley_adj;Wrigley;;;;;;;;;;;;;x
b_wrigley;Wrigley;;;;;;;;;;;;;x
c_gameti;Gameti;;;;;;;;;;;;;x
c_gameti_adj;Gameti;;;;;;;;;;;;;x
b_gameti;Gameti;;;;;;;;;;;;;x
c_naatsihnchoh;Naats'ihch'oh;;;;;;;;;;;;;x
c_naatsihnchoh_adj;Naats'ihch'oh;;;;;;;;;;;;;x
b_naatsihnchoh;Naats'ihch'oh;;;;;;;;;;;;;x