far_east;Far East;;;;;;;;;;;;;x
japanese;Japanese;;;;;;;;;;;;;x
ainu;Ainu;;;;;;;;;;;;;x
ryukyuan;Ryukyuan;;;;;;;;;;;;;x
emperor_japanese;Shogun;;;;;;;;;;;;;x
emperor_female_japanese;Kogo;;;;;;;;;;;;;x
king_japanese;Kokuo;;;;;;;;;;;;;x
king_female_japanese;Jo'o;;;;;;;;;;;;;x
duke_japanese;Daimyo;;;;;;;;;;;;;x
duke_female_japanese;Daimyo;;;;;;;;;;;;;x
duchy_of_japanese;Circuit of;;;;;;;;;;;;;x
count_japanese;Kami;;;;;;;;;;;;;x
count_female_japanese;Kami;;;;;;;;;;;;;x
county_of_japanese;Province of;;;;;;;;;;;;;x
baron_japanese;Gunji;;;;;;;;;;;;;x
baron_female_japanese;Gunji;;;;;;;;;;;;;x
barony_of_japanese;Manor of;;;;;;;;;;;;;x
title_regent_japanese;Sessho;;;;;;;;;;;;;x
title_ruler_consort_japanese;Kokuo;;;;;;;;;;;;;x
title_ruler_consort_female_japanese;Jo'o;;;;;;;;;;;;;x
baron_title_ruler_consort_japanese;Gunji;;;;;;;;;;;;;x
baron_title_ruler_consort_female_japanese;Kita no Kata;;;;;;;;;;;;;x
count_title_ruler_consort_japanese;Kami;;;;;;;;;;;;;x
count_title_ruler_consort_female_japanese;Kita no Kata;;;;;;;;;;;;;x
duke_title_ruler_consort_japanese;Daimyo;;;;;;;;;;;;;x
duke_title_ruler_consort_female_japanese;Midaidokoro;;;;;;;;;;;;;x
emperor_title_ruler_consort_japanese;Shogun;;;;;;;;;;;;;x
emperor_title_ruler_consort_female_japanese;Kogo;;;;;;;;;;;;;x
title_queen_mother_japanese;Kokumo;;;;;;;;;;;;;x
emperor_title_queen_mother_female_japanese;Kotaigo;;;;;;;;;;;;;x
title_prince_japanese;Oji;;;;;;;;;;;;;x
title_prince_female_japanese;Ojo;;;;;;;;;;;;;x
e_japan;Japan;;;;;;;;;;;;;x
k_japan;Japan;;;;;;;;;;;;;x
k_ainumosir;Ainu Moshir;;;;;;;;;;;;;x
k_ryukyu;Ruuchuu;;;;;;;;;;;;;x
d_yamato;Japan;;;;;;;;;;;;;x
d_shinto;Shinto High Priesthood;;;;;;;;;;;;;x
d_ryukyu_shinto;Ko-Shinto High Priesthood;;;;;;;;;;;;;x
d_ainu_pantheism_reformed;Katunkamuy High Priesthood;;;;;;;;;;;;;x
d_tohoku;Tohoku;;;;;;;;;;;;;x
d_kanto;Kanto;;;;;;;;;;;;;x
d_hokuriku;Hokuriku;;;;;;;;;;;;;x
d_kinai;Kinai;;;;;;;;;;;;;x
d_tokai;Tokai;;;;;;;;;;;;;x
d_sanyo;Sanyo;;;;;;;;;;;;;x
d_sanin;Sanin;;;;;;;;;;;;;x
d_shikoku;Shikoku;;;;;;;;;;;;;x
d_kyushu;Kyushu;;;;;;;;;;;;;x
d_hokkaido;Ezo;;;;;;;;;;;;;x
d_sakhalin;Sakhalin;;;;;;;;;;;;;x
d_ryukyu;Ruuchuu;;;;;;;;;;;;;x
c_mutsu;Mutsu;;;;;;;;;;;;;x
c_dewa;Dewa;;;;;;;;;;;;;x
c_rikuzen;Rikuzen;;;;;;;;;;;;;x
c_echigo;Echigo;;;;;;;;;;;;;x
c_kozuke;Kozuke;;;;;;;;;;;;;x
c_hitachi;Hitachi;;;;;;;;;;;;;x
c_kazusa;Kazusa;;;;;;;;;;;;;x
c_musashi;Musashi;;;;;;;;;;;;;x
c_sagami;Sagami;;;;;;;;;;;;;x
c_kai;Kai;;;;;;;;;;;;;x
c_suruga;Suruga;;;;;;;;;;;;;x
c_owari;Owari;;;;;;;;;;;;;x
c_mino;Mino;;;;;;;;;;;;;x
c_etchu;Etchu;;;;;;;;;;;;;x
c_kaga;Kaga;;;;;;;;;;;;;x
c_echizen;Echizen;;;;;;;;;;;;;x
c_ise;Ise;;;;;;;;;;;;;x
c_omi;Omi;;;;;;;;;;;;;x
c_yamato;Yamato;;;;;;;;;;;;;x
c_yamashiro;Yamashiro;;;;;;;;;;;;;x
c_tango;Tango;;;;;;;;;;;;;x
c_kii;Kii;;;;;;;;;;;;;x
c_settsu;Settsu;;;;;;;;;;;;;x
c_harima;Harima;;;;;;;;;;;;;x
c_bingo;Bingo;;;;;;;;;;;;;x
c_aki;Aki;;;;;;;;;;;;;x
c_nagato;Nagato;;;;;;;;;;;;;x
c_tajima;Tajima;;;;;;;;;;;;;x
c_izumo;Izumo;;;;;;;;;;;;;x
c_iwami;Iwami;;;;;;;;;;;;;x
c_aki;Aki;;;;;;;;;;;;;x
c_nagato;Nagato;;;;;;;;;;;;;x
c_awa;Awa;;;;;;;;;;;;;x
c_tosa;Tosa;;;;;;;;;;;;;x
c_iyo;Iyo;;;;;;;;;;;;;x
c_bungo;Bungo;;;;;;;;;;;;;x
c_chikuzen;Chikuzen;;;;;;;;;;;;;x
c_hizen;Hizen;;;;;;;;;;;;;x
c_higo;Higo;;;;;;;;;;;;;x
c_hyuga;Hyuga;;;;;;;;;;;;;x
c_satsuma;Satsuma;;;;;;;;;;;;;x
c_oshima;Oshmaushi;;;;;;;;;;;;;x
c_ishikari;Ishkarun;;;;;;;;;;;;;x
c_kusuri;Kushru;;;;;;;;;;;;;x
c_karput;Karput;;;;;;;;;;;;;x
c_kuye;Kuye;;;;;;;;;;;;;x
c_amami;Amamikiyo;;;;;;;;;;;;;x
c_ryukyu;Uchinaa;;;;;;;;;;;;;x
c_sakishima;Sachishima;;;;;;;;;;;;;x
b_hiraizumi;Hiraizumi;;;;;;;;;;;;;x
b_tosaminato;Tosaminato;;;;;;;;;;;;;x
b_hei;Hei;;;;;;;;;;;;;x
b_iwate;Iwate;;;;;;;;;;;;;x
b_tsugaru;Kita;;;;;;;;;;;;;x
b_kitaa;Kita;;;;;;;;;;;;;x
b_sannohe;Sannohe;;;;;;;;;;;;;x
b_waga;Waga;;;;;;;;;;;;;x
b_akita;Akita;;;;;;;;;;;;;x
b_dewa;Dewa;;;;;;;;;;;;;x
b_kagae;Kagae;;;;;;;;;;;;;x
b_yuri;Yuri;;;;;;;;;;;;;x
b_daihoji;Daihoji;;;;;;;;;;;;;x
b_mogami;Mogami;;;;;;;;;;;;;x
b_senboku;Senboku;;;;;;;;;;;;;x
b_hiraka;Hiraka;;;;;;;;;;;;;x
b_taga;Taga;;;;;;;;;;;;;x
b_kesen;Kesen;;;;;;;;;;;;;x
b_shirakawa;Shirakawa;;;;;;;;;;;;;x
b_iwaki;Iwaki;;;;;;;;;;;;;x
b_aizu;Aizu;;;;;;;;;;;;;x
b_date;Date;;;;;;;;;;;;;x
b_kurokawa;Kurokawa;;;;;;;;;;;;;x
b_inawashiro;Inawashiro;;;;;;;;;;;;;x
b_kubiki;Kubiki;;;;;;;;;;;;;x
b_naoetsu;Naoetsu;;;;;;;;;;;;;x
b_oguni;Oguni;;;;;;;;;;;;;x
b_uonuma;Uonuma;;;;;;;;;;;;;x
b_kanbara;Kanbara;;;;;;;;;;;;;x
b_iwafune;Iwafune;;;;;;;;;;;;;x
b_koshi;Koshi;;;;;;;;;;;;;x
b_gunma;Gunma;;;;;;;;;;;;;x
b_tsuga;Tsuga;;;;;;;;;;;;;x
b_nitta;Nitta;;;;;;;;;;;;;x
b_ashikaga;Ashikaga;;;;;;;;;;;;;x
b_utsunomiya;Utsunomiya;;;;;;;;;;;;;x
b_nasu;Nasu;;;;;;;;;;;;;x
b_usui;Usui;;;;;;;;;;;;;x
b_oyama;Oyama;;;;;;;;;;;;;x
b_ibaraki;Ibaraki;;;;;;;;;;;;;x
b_tsukuba;Tsukuba;;;;;;;;;;;;;x
b_kashima;Kashima;;;;;;;;;;;;;x
b_makabe;Makabe;;;;;;;;;;;;;x
b_take;Take;;;;;;;;;;;;;x
b_baba;Baba;;;;;;;;;;;;;x
b_shida;Shida;;;;;;;;;;;;;x
b_niihari;Niihari;;;;;;;;;;;;;x
b_chiba;Chiba;;;;;;;;;;;;;x
b_katori;Katori;;;;;;;;;;;;;x
b_soma;Soma;;;;;;;;;;;;;x
b_sosa;Sosa;;;;;;;;;;;;;x
b_yuki;Yuki;;;;;;;;;;;;;x
b_nagasa;Nagasa;;;;;;;;;;;;;x
b_unakami;Unakami;;;;;;;;;;;;;x
b_nagara;Nagara;;;;;;;;;;;;;x
b_kamakura;Kamakura;;;;;;;;;;;;;x
b_ashigara;Ashigara;;;;;;;;;;;;;x
b_aiko;Aiko;;;;;;;;;;;;;x
b_matsuzaki;Matsuzaki;;;;;;;;;;;;;x
b_oba;Oba;;;;;;;;;;;;;x
b_kinugasa;Kinugasa;;;;;;;;;;;;;x
b_izu;Izu;;;;;;;;;;;;;x
b_hatano;Hatano;;;;;;;;;;;;;x
b_kofu;Kofu;;;;;;;;;;;;;x
b_ishiwa;Ishiwa;;;;;;;;;;;;;x
b_tsuru;Tsuru;;;;;;;;;;;;;x
b_yatsushiro_higo;Yatsushiro;;;;;;;;;;;;;x
b_koma;Koma;;;;;;;;;;;;;x
b_yamanashi;Yamanashi;;;;;;;;;;;;;x
b_minobu;Minobu;;;;;;;;;;;;;x
b_gunnai;Gunnai;;;;;;;;;;;;;x
b_tsukama;Tsukama;;;;;;;;;;;;;x
b_minuchi;Minuchi;;;;;;;;;;;;;x
b_suwa;Suwa;;;;;;;;;;;;;x
b_kiso;Kiso;;;;;;;;;;;;;x
b_saku;Saku;;;;;;;;;;;;;x
b_chiisagata;Chiisagata;;;;;;;;;;;;;x
b_hanishina;Hanishina;;;;;;;;;;;;;x
b_azumi;Azumi;;;;;;;;;;;;;x
b_abe;Abe;;;;;;;;;;;;;x
b_fuji;Fuji;;;;;;;;;;;;;x
b_iwata;Iwata;;;;;;;;;;;;;x
b_mashizu;Mashizu;;;;;;;;;;;;;x
b_fuchi;Fuchi;;;;;;;;;;;;;x
b_suruga;Suruga;;;;;;;;;;;;;x
b_kiko;Kiko;;;;;;;;;;;;;x
b_ihara;Ihara;;;;;;;;;;;;;x
b_kasugabe;Kasugabe;;;;;;;;;;;;;x
b_atsuta;Atsuta;;;;;;;;;;;;;x
b_nukata;Nukata;;;;;;;;;;;;;x
b_aichi;Aichi;;;;;;;;;;;;;x
b_niwa;Niwa;;;;;;;;;;;;;x
b_kaibe;Kaibe;;;;;;;;;;;;;x
b_chita;Chita;;;;;;;;;;;;;x
b_atsumi;Atsumi;;;;;;;;;;;;;x
b_fuwa_japan;Fuwa;;;;;;;;;;;;;x
b_kagami;Kagami;;;;;;;;;;;;;x
b_hida;Hida;;;;;;;;;;;;;x
b_kani;Kani;;;;;;;;;;;;;x
b_ahachi;Ahachi;;;;;;;;;;;;;x
b_ishizu;Ishuzu;;;;;;;;;;;;;x
b_ikeda;Ikeda;;;;;;;;;;;;;x
b_ena;Ena;;;;;;;;;;;;;x
b_fushiki;Fushiki;;;;;;;;;;;;;x
b_tateyama;Tateyama;;;;;;;;;;;;;x
b_hannyano;Hannyano;;;;;;;;;;;;;x
b_niikawa;Niikawa;;;;;;;;;;;;;x
b_imizu;Imizu;;;;;;;;;;;;;x
b_nei;Nei;;;;;;;;;;;;;x
b_tonami;Tonami;;;;;;;;;;;;;x
b_hojozu;Hojozu;;;;;;;;;;;;;x
b_kaga;Kaga;;;;;;;;;;;;;x
b_wajima;Wajima;;;;;;;;;;;;;x
b_hakusan;Hakusan;;;;;;;;;;;;;x
b_nanao;Nanao;;;;;;;;;;;;;x
b_yokoe;Yokoe;;;;;;;;;;;;;x
b_suzu;Suzu;;;;;;;;;;;;;x
b_ishikawa;Ishikawa;;;;;;;;;;;;;x
b_komatsu;Komatsu;;;;;;;;;;;;;x
b_imatachi;Imatachi;;;;;;;;;;;;;x
b_tsuruga;Tsuruga;;;;;;;;;;;;;x
b_kehi;Kehi;;;;;;;;;;;;;x
b_ono;Ono;;;;;;;;;;;;;x
b_niu;Niu;;;;;;;;;;;;;x
b_asuwa;Asuwa;;;;;;;;;;;;;x
b_katsuyama;Katsuyama;;;;;;;;;;;;;x
b_oi;Oi;;;;;;;;;;;;;x
b_suzuka;Suzuka;;;;;;;;;;;;;x
b_ise;Ise;;;;;;;;;;;;;x
b_watarai;Watarai;;;;;;;;;;;;;x
b_shima;Shima;;;;;;;;;;;;;x
b_mie;Mie;;;;;;;;;;;;;x
b_kuwana;Kuwana;;;;;;;;;;;;;x
b_ichishi;Ichishi;;;;;;;;;;;;;x
b_inabe;Inabe;;;;;;;;;;;;;x
b_otsu;Otsu;;;;;;;;;;;;;x
b_enryakuji;Enryakuji;;;;;;;;;;;;;x
b_onjoji;Onjoji;;;;;;;;;;;;;x
b_gamo;Gamo;;;;;;;;;;;;;x
b_azai;Azai;;;;;;;;;;;;;x
b_koga;Koga;;;;;;;;;;;;;x
b_sakata;Sakata;;;;;;;;;;;;;x
b_shiga;Shiga;;;;;;;;;;;;;x
b_kofukuji;Kofukuji;;;;;;;;;;;;;x
b_todaiji;Todaiji;;;;;;;;;;;;;x
b_katsuragi;Katsuragi;;;;;;;;;;;;;x
b_yoshino;Yoshino;;;;;;;;;;;;;x
b_toichi;Toichi;;;;;;;;;;;;;x
b_takaichi;Takaichi;;;;;;;;;;;;;x
b_uda_yamato;Uda;;;;;;;;;;;;;x
b_yamabe;Yamabe;;;;;;;;;;;;;x
b_dairi;Dairi;;;;;;;;;;;;;x
b_heiankyo;Heiankyo;;;;;;;;;;;;;x
b_gion;Gion;;;;;;;;;;;;;x
b_toba;Toba;;;;;;;;;;;;;x
b_fushimi;Fushimi;;;;;;;;;;;;;x
b_uji;Uji;;;;;;;;;;;;;x
b_rokuhara;Rokuhara;;;;;;;;;;;;;x
b_muromachi;Muromachi;;;;;;;;;;;;;x
b_kasa;Kasa;;;;;;;;;;;;;x
b_kuwada;Kuwada;;;;;;;;;;;;;x
b_funai;Funai;;;;;;;;;;;;;x
b_yosa;Yosa;;;;;;;;;;;;;x
b_ikaruga;Ikaruga;;;;;;;;;;;;;x
b_hikami;Hikami;;;;;;;;;;;;;x
b_amata;Amata;;;;;;;;;;;;;x
b_tanabe_tango;Tanabe;;;;;;;;;;;;;x
b_naniwa;Naniwa;;;;;;;;;;;;;x
b_sumiyoshi;Sumiyoshi;;;;;;;;;;;;;x
b_izumi;Izumi;;;;;;;;;;;;;x
b_shiki;Shiki;;;;;;;;;;;;;x
b_kawabe;Kawabe;;;;;;;;;;;;;x
b_owada;Owada;;;;;;;;;;;;;x
b_sakai;Sakai;;;;;;;;;;;;;x
b_arima;Arima;;;;;;;;;;;;;x
b_nagusa;Nagusa;;;;;;;;;;;;;x
b_kongobuji;Kongobuji;;;;;;;;;;;;;x
b_kumano;Kumano;;;;;;;;;;;;;x
b_yuasa;Yuasa;;;;;;;;;;;;;x
b_tanabe;Tanabe;;;;;;;;;;;;;x
b_naga_kii;Naga;;;;;;;;;;;;;x
b_muro;Muro;;;;;;;;;;;;;x
b_ito;Ito;;;;;;;;;;;;;x
b_keta;Keta;;;;;;;;;;;;;x
b_homi;Homi;;;;;;;;;;;;;x
b_tottori;Tottori;;;;;;;;;;;;;x
b_yafu;Yafu;;;;;;;;;;;;;x
b_takakusa;Takakusa;;;;;;;;;;;;;x
b_izushi;Izushi;;;;;;;;;;;;;x
b_asago;Asago;;;;;;;;;;;;;x
b_futakata;Futakata;;;;;;;;;;;;;x
b_shikama;Shikama;;;;;;;;;;;;;x
b_tomata;Tomata;;;;;;;;;;;;;x
b_ibo;Ibo;;;;;;;;;;;;;x
b_akashi;Akashi;;;;;;;;;;;;;x
b_ako;Ako;;;;;;;;;;;;;x
b_aita;Aita;;;;;;;;;;;;;x
b_kojima;Kojima;;;;;;;;;;;;;x
b_akasaka;Akasaka;;;;;;;;;;;;;x
b_ou;Ou;;;;;;;;;;;;;x
b_izumo;Izumo;;;;;;;;;;;;;x
b_kume;Kume;;;;;;;;;;;;;x
b_iishi;Iishi;;;;;;;;;;;;;x
b_aimi;Aimi;;;;;;;;;;;;;x
b_aika;Aika;;;;;;;;;;;;;x
b_oki;Oki;;;;;;;;;;;;;x
b_kando;Kando;;;;;;;;;;;;;x
b_ashida;Ashida;;;;;;;;;;;;;x
b_kaya;Kaya;;;;;;;;;;;;;x
b_onomichi;Onomichi;;;;;;;;;;;;;x
b_tomonoura;Tomonoura;;;;;;;;;;;;;x
b_kameshi;Kameshi;;;;;;;;;;;;;x
b_tetta;Tetta;;;;;;;;;;;;;x
b_yasuna;Yasna;;;;;;;;;;;;;x
b_mitsuki;Mitsuki;;;;;;;;;;;;;x
b_naka;Naka;;;;;;;;;;;;;x
b_kanoashi;Kanoashi;;;;;;;;;;;;;x
b_minoo;Mino;;;;;;;;;;;;;x
b_oochi;Oochi;;;;;;;;;;;;;x
b_nima;Nima;;;;;;;;;;;;;x
b_masuda;Masuda;;;;;;;;;;;;;x
b_tsuwano;Tsuwano;;;;;;;;;;;;;x
b_hamada;Hamada;;;;;;;;;;;;;x
b_aki;Aki;;;;;;;;;;;;;x
b_itsukushima;Itsukushima;;;;;;;;;;;;;x
b_nuta;Nuta;;;;;;;;;;;;;x
b_saeki;Saeki;;;;;;;;;;;;;x
b_yamagata;Yamagata;;;;;;;;;;;;;x
b_toyota;Toyota;;;;;;;;;;;;;x
b_takamiya;Takamiya;;;;;;;;;;;;;x
b_kamo;Kamo;;;;;;;;;;;;;x
b_toyoura;Toyoura;;;;;;;;;;;;;x
b_saba;Saba;;;;;;;;;;;;;x
b_kumage;Kumage;;;;;;;;;;;;;x
b_asaa;Asa;;;;;;;;;;;;;x
b_yoshiki;Yoshiki;;;;;;;;;;;;;x
b_abu_nagato;Abu;;;;;;;;;;;;;x
b_yamaguchi;Yamaguchi;;;;;;;;;;;;;x
b_tsuno;Tsuno;;;;;;;;;;;;;x
b_nakata;Nakata;;;;;;;;;;;;;x
b_ano;Ano;;;;;;;;;;;;;x
b_kagawa;Kagawa;;;;;;;;;;;;;x
b_awaji;Awaji;;;;;;;;;;;;;x
b_shozu;Shozu;;;;;;;;;;;;;x
b_miyoshi;Miyoshi;;;;;;;;;;;;;x
b_tado;Tado;;;;;;;;;;;;;x
b_katsuura;Katsuura;;;;;;;;;;;;;x
b_nagaoka;Nagaoka;;;;;;;;;;;;;x
b_tosa;Tosa;;;;;;;;;;;;;x
b_takaoka;Takaoka;;;;;;;;;;;;;x
b_hata;Hata;;;;;;;;;;;;;x
b_kami;Kami;;;;;;;;;;;;;x
b_agawa;Agawa;;;;;;;;;;;;;x
b_okou;Okou;;;;;;;;;;;;;x
b_nakamura;Nakamura;;;;;;;;;;;;;x
b_ochi;Ochi;;;;;;;;;;;;;x
b_noma;Noma;;;;;;;;;;;;;x
b_iyo;Iyo;;;;;;;;;;;;;x
b_nii;Nii;;;;;;;;;;;;;x
b_uma;Uma;;;;;;;;;;;;;x
b_kazahaya;Kazahaya;;;;;;;;;;;;;x
b_onsen;Onsen;;;;;;;;;;;;;x
b_uwa;Uwa;;;;;;;;;;;;;x
b_oita;Oita;;;;;;;;;;;;;x
b_nakatsu;Nakatsu;;;;;;;;;;;;;x
b_usa;Usa;;;;;;;;;;;;;x
b_hayami;Hayami;;;;;;;;;;;;;x
b_kunisaki;Kunisaki;;;;;;;;;;;;;x
b_amabe;Amabe;;;;;;;;;;;;;x
b_moji;Moji;;;;;;;;;;;;;x
b_hita;Hita;;;;;;;;;;;;;x
b_dazaifu;Dazaifu;;;;;;;;;;;;;x
b_hakata;Hakata;;;;;;;;;;;;;x
b_munakata;Munakata;;;;;;;;;;;;;x
b_mikasa;Mikasa;;;;;;;;;;;;;x
b_honami;Honami;;;;;;;;;;;;;x
b_yasu;Yasu;;;;;;;;;;;;;x
b_sawara;Sawara;;;;;;;;;;;;;x
b_onga;Onga;;;;;;;;;;;;;x
b_saga;Saga;;;;;;;;;;;;;x
b_mii;Mii;;;;;;;;;;;;;x
b_tsushima;Tsushima;;;;;;;;;;;;;x
b_matsura;Matsura;;;;;;;;;;;;;x
b_goto;Goto;;;;;;;;;;;;;x
b_sonoki;Sonoki;;;;;;;;;;;;;x
b_mihara;Mihara;;;;;;;;;;;;;x
b_kishima;Kishima;;;;;;;;;;;;;x
b_koyu;Koyu;;;;;;;;;;;;;x
b_usuki;Usuki;;;;;;;;;;;;;x
b_shimazu;Shimazu;;;;;;;;;;;;;x
b_miyazaki;Miyazaki;;;;;;;;;;;;;x
b_morokata;Morokata;;;;;;;;;;;;;x
b_nobeoka;Nobeoka;;;;;;;;;;;;;x
b_obi;Obi;;;;;;;;;;;;;x
b_takanabe;Takanabe;;;;;;;;;;;;;x
b_mashiki;Mashiki;;;;;;;;;;;;;x
b_aso;Aso;;;;;;;;;;;;;x
b_kikuchi;Kikuchi;;;;;;;;;;;;;x
b_udo;Udo;;;;;;;;;;;;;x
b_takuma;Takuma;;;;;;;;;;;;;x
b_amakusa;Amakusa;;;;;;;;;;;;;x
b_yatsushiro;Yatsushiro;;;;;;;;;;;;;x
b_yamamoto;Yamamoto;;;;;;;;;;;;;x
b_satsuma;Satsuma;;;;;;;;;;;;;x
b_kuwabara;Kuwabara;;;;;;;;;;;;;x
b_bonotsu;Bonotsu;;;;;;;;;;;;;x
b_kagoshima;Kagoshima;;;;;;;;;;;;;x
b_ei;Ei;;;;;;;;;;;;;x
b_kimotsuki;Kimotsuki;;;;;;;;;;;;;x
b_tanegashima;Tanegashima;;;;;;;;;;;;;x
b_ata;Ata;;;;;;;;;;;;;x
b_tama;Tama;;;;;;;;;;;;;x
b_kawagoe;Kawagoe;;;;;;;;;;;;;x
b_adachi;Adachi;;;;;;;;;;;;;x
b_saitama;Saitama;;;;;;;;;;;;;x
b_chichibu;Chichibu;;;;;;;;;;;;;x
b_toshima;Toshima;;;;;;;;;;;;;x
b_kodama;Kodama;;;;;;;;;;;;;x
b_hiki;Hiki;;;;;;;;;;;;;x
b_oshima;Oshmaushi;;;;;;;;;;;;;x
b_hiyama;Esash;;;;;;;;;;;;;x
b_iburi;Ifureiso;;;;;;;;;;;;;x
b_tokapuchi;Tokapchi;;;;;;;;;;;;;x
b_hidaka;Piruturu;;;;;;;;;;;;;x
b_shiribeshi;Shipet;;;;;;;;;;;;;x
b_tomakomanay;Tumokomai;;;;;;;;;;;;;x
b_nupurpet;Nupurpet;;;;;;;;;;;;;x
b_ishikari;Ishkarun;;;;;;;;;;;;;x
b_teshiho;Teshho;;;;;;;;;;;;;x
b_satporo;Satporonupuri;;;;;;;;;;;;;x
b_rurumoppe;Rurunuppe;;;;;;;;;;;;;x
b_chiupet;Chiupet;;;;;;;;;;;;;x
b_furanui;Huranui;;;;;;;;;;;;;x
b_mashike;Mashike;;;;;;;;;;;;;x
b_tomai;Tomamu;;;;;;;;;;;;;x
b_kusuri;Kushru;;;;;;;;;;;;;x
b_nemuro;Nimuoro;;;;;;;;;;;;;x
b_soya;Soya;;;;;;;;;;;;;x
b_shari;Sari;;;;;;;;;;;;;x
b_riishiri;Rishiri;;;;;;;;;;;;;x
b_monbetsu;Mopet;;;;;;;;;;;;;x
b_abashiri;Apashiri;;;;;;;;;;;;;x
b_wakkanai;Yamuwakkanai;;;;;;;;;;;;;x
b_tomari;Tomari;;;;;;;;;;;;;x
b_sitsukari;Sitsukari;;;;;;;;;;;;;x
b_yuzhnosakhalinsk;Yuzhno Sakhalinsk;;;;;;;;;;;;;x
b_nevelsk;Nevelsk;;;;;;;;;;;;;x
b_kholmsk;Kholmsk;;;;;;;;;;;;;x
b_uglegorsk;Uglegorsk;;;;;;;;;;;;;x
b_makarovsk;Makarovsk;;;;;;;;;;;;;x
b_smirnik;Smirnik;;;;;;;;;;;;;x
b_sakhalin;Sakhalin;;;;;;;;;;;;;x
b_oha;Oha;;;;;;;;;;;;;x
b_kuye;Kuye;;;;;;;;;;;;;x
b_aniva;Aniva;;;;;;;;;;;;;x
b_nogliki;Nogliki;;;;;;;;;;;;;x
b_poronay;Poronay;;;;;;;;;;;;;x
b_shakhtyorsk;Shakhtyorsk;;;;;;;;;;;;;x
b_tymovskoye;Tymovskoye;;;;;;;;;;;;;x
b_amami;Uushima;;;;;;;;;;;;;x
b_kikai;Kyaa;;;;;;;;;;;;;x
b_tokunoshima;Tukunushima;;;;;;;;;;;;;x
b_yoro;Naze;;;;;;;;;;;;;x
b_uke;Ukee;;;;;;;;;;;;;x
b_okinoerabu;Yyerabu;;;;;;;;;;;;;x
b_kakeroma;Kakeeroma;;;;;;;;;;;;;x
b_eniya;Yunnu;;;;;;;;;;;;;x
b_shuri;Sui;;;;;;;;;;;;;x
b_naha_ryukyu;Naahwa;;;;;;;;;;;;;x
b_goeku;Gwikku;;;;;;;;;;;;;x
b_kunigami;Kunzan;;;;;;;;;;;;;x
b_nakagami;Nakajan;;;;;;;;;;;;;x
b_shimajiri;Yaese;;;;;;;;;;;;;x
b_minna;Nachizin;;;;;;;;;;;;;x
b_ikei;Ihya;;;;;;;;;;;;;x
b_ishigaki;Ishigachi;;;;;;;;;;;;;x
b_yonaguni;Dunan;;;;;;;;;;;;;x
b_irabu;Irav;;;;;;;;;;;;;x
b_miyako;Myaaku;;;;;;;;;;;;;x
b_yaeyama;Yaima;;;;;;;;;;;;;x
b_ikema;Ikyama;;;;;;;;;;;;;x
b_tarama;Tarama;;;;;;;;;;;;;x
b_iriomote;Irimutii;;;;;;;;;;;;;x
b_sistukari;Sistukari;;;;;;;;;;;;;x
e_japan_adj;Japanese;;;;;;;;;;;;;x
k_japan_adj;Japanese;;;;;;;;;;;;;x
k_ainumosir;Ainu;;;;;;;;;;;;;x
k_ryukyu_adj;Ryukyuan;;;;;;;;;;;;;x
d_tohoku_adj;Tohoku;;;;;;;;;;;;;x
d_kanto_adj;Kanto;;;;;;;;;;;;;x
d_hokuriku_adj;Hokuriku;;;;;;;;;;;;;x
d_kinai_adj;Kinai;;;;;;;;;;;;;x
d_tokai_adj;Tokai;;;;;;;;;;;;;x
d_sanyo_adj;Sanyo;;;;;;;;;;;;;x
d_sanin_adj;Sanin;;;;;;;;;;;;;x
d_shikoku_adj;Shikoku;;;;;;;;;;;;;x
d_kyushu_adj;Kyushu;;;;;;;;;;;;;x
d_hokkaido_adj;Hokkaido;;;;;;;;;;;;;x
d_sakhalin_adj;Sakhalin;;;;;;;;;;;;;x
d_ryukyu_adj_adj;Ryukyuan;;;;;;;;;;;;;x
c_mutsu_adj;Mutsu;;;;;;;;;;;;;x
c_dewa_adj;Dewa;;;;;;;;;;;;;x
c_rikuzen_adj;Rikuzen;;;;;;;;;;;;;x
c_echigo_adj;Echigo;;;;;;;;;;;;;x
c_kozuke_adj;Kozuke;;;;;;;;;;;;;x
c_hitachi_adj;Hitachi;;;;;;;;;;;;;x
c_kazusa_adj;Kazusa;;;;;;;;;;;;;x
c_musashi_adj;Musashi;;;;;;;;;;;;;x
c_sagami_adj;Sagami;;;;;;;;;;;;;x
c_kai_adj;Kai;;;;;;;;;;;;;x
c_suruga_adj;Suruga;;;;;;;;;;;;;x
c_owari_adj;Owari;;;;;;;;;;;;;x
c_mino_adj;Mino;;;;;;;;;;;;;x
c_etchu_adj;Etchu;;;;;;;;;;;;;x
c_kaga_adj;Kaga;;;;;;;;;;;;;x
c_echizen_adj;Echizen;;;;;;;;;;;;;x
c_ise_adj;Ise;;;;;;;;;;;;;x
c_omi_adj;Omi;;;;;;;;;;;;;x
c_yamato_adj;Yamato;;;;;;;;;;;;;x
c_yamashiro_adj;Yamashiro;;;;;;;;;;;;;x
c_tango_adj;Tango;;;;;;;;;;;;;x
c_kii_adj;Kii;;;;;;;;;;;;;x
c_settsu_adj;Settsu;;;;;;;;;;;;;x
c_harima_adj;Harima;;;;;;;;;;;;;x
c_bingo_adj;Bingo;;;;;;;;;;;;;x
c_aki_adj;Aki;;;;;;;;;;;;;x
c_nagato_adj;Nagato;;;;;;;;;;;;;x
c_tajima_adj;Tajima;;;;;;;;;;;;;x
c_izumo_adj;Izumo;;;;;;;;;;;;;x
c_iwami_adj;Iwami;;;;;;;;;;;;;x
c_aki_adj;Aki;;;;;;;;;;;;;x
c_nagato_adj;Nagato;;;;;;;;;;;;;x
c_awa_adj;Awa;;;;;;;;;;;;;x
c_tosa_adj;Tosa;;;;;;;;;;;;;x
c_iyo_adj;Iyo;;;;;;;;;;;;;x
c_bungo_adj;Bungo;;;;;;;;;;;;;x
c_chikuzen_adj;Chikuzen;;;;;;;;;;;;;x
c_hizen_adj;Hizen;;;;;;;;;;;;;x
c_higo_adj;Higo;;;;;;;;;;;;;x
c_hyuga_adj;Hyuga;;;;;;;;;;;;;x
c_satsuma_adj;Satsuma;;;;;;;;;;;;;x
c_oshima_adj;Oshmaushi;;;;;;;;;;;;;x
c_ishikari_adj;Ishkarun;;;;;;;;;;;;;x
c_kusuri_adj;Kushru;;;;;;;;;;;;;x
c_karput_adj;Karput;;;;;;;;;;;;;x
c_kuye_adj;Kuye;;;;;;;;;;;;;x
c_amami_adj;Amamikiyo;;;;;;;;;;;;;x
c_ryukyu_adj;Uchinaa;;;;;;;;;;;;;x
c_sakishima_adj;Sachishima;;;;;;;;;;;;;x
c_tsushima;Tsushima;;;;;;;;;;;;;x
c_tsushima_adj;Tsushima;;;;;;;;;;;;;x
b_kaneda;Kaneda;;;;;;;;;;;;;x
MIKADO_MALE;Tenno;;;;;;;;;;;;;x
MIKADO_FEMALE;Tenno;;;;;;;;;;;;;x
MIKADO_FEMALE_consort_female_japanese;Kogo;;;;;;;;;;;;;x
RETTYPE_CUL_SAMURAI;Samurai;;;;;;;;;;;;;x
ca_culture_japanese_1_desc;Here are loyal young noblemen taught the way of the samurai;;;;;;;;;;;;;x
ca_culture_japanese_1;Dojo;;;;;;;;;;;;;x
ca_culture_japanese_2;Dojo;;;;;;;;;;;;;x
ca_culture_japanese_3;Dojo;;;;;;;;;;;;;x
ca_culture_japanese_4;Dojo;;;;;;;;;;;;;x
STAT_PIETY_HONOUR;Honour;;;;;;;;;;;;;x
EVTDESCjapanevents.1;We hace succeded in siezing our rightfull mastery over all of Japan. Now it is time for us to return the Tenno his dignity ... under our protection.;;;;;;;;;;;;;x
EVTOPTAjapanevents.1;We will protect the rightfull Emperor;;;;;;;;;;;;;x
EVTOPTBjapanevents.1;It is time for a new Emperor;;;;;;;;;;;;;x
EVTOPTCjapanevents.1;All is as it must be;;;;;;;;;;;;;x
job_marshal_japanese;Hyobu-kyo;;;;;;;;;;;;;x
job_treasurer_japanese;Okura-kyo;;;;;;;;;;;;;x
job_spymaster_japanese;Gyobu-kyo;;;;;;;;;;;;;x
job_spiritual_japanese;Jibu-kyo;;;;;;;;;;;;;x
job_spiritual_nihon_shinto;Jibu-kyo;;;;;;;;;;;;;x
job_chancellor_japanese;Daijo-daijin;;;;;;;;;;;;;x
title_councilmember_king_japanese;Dainagon;;;;;;;;;;;;;x
title_councilmember_emperor_japanese;Dainagon;;;;;;;;;;;;;x
title_dainagon;Dainagon;;;;;;;;;;;;;x
title_dainagon_desc;The Dainagon was a counselor of the first rank in the Imperial court of Japan. They assisted the Minister of the Left (the Sadaijin) and the Minister of the Right (the Udaijin).;;;;;;;;;;;;;x
title_shikibu;Shikibu-kyo;;;;;;;;;;;;;x
title_shikibu_desc;The Shikibu-kyo managed the personnel evaluation system, the code of etiquette, the recruitment and promotion, and the award, with administering Daigaku-ryo - an organization for training up government officials.;;;;;;;;;;;;;x
title_appointed_regent_nihon_shinto;Kampaku;;;;;;;;;;;;;x
title_naidaijin;Naidaijin;;;;;;;;;;;;;x
title_naidaijin_desc;Literally meaning Inner Minister, was an ancient office in the Japanese Imperial Court. Its role, rank and authority varied throughout the pre-Meiji period of Japanese history, but in general remained as a significant post under the Taiho Code.;;;;;;;;;;;;;x
title_sadaijin;Sadaijin;;;;;;;;;;;;;x
title_sadaijin_desc;The Sadaijin was the Senior Minister of State, overseeing all functions of government with the Udaijin as his deputy.;;;;;;;;;;;;;x
title_udaijin;Udaijin;;;;;;;;;;;;;x
title_udaijin_desc;The Udaijin was the Junior Minister of State, overseeing all branches of the Daijo-kan or  Great Council of State.;;;;;;;;;;;;;x
title_shonagon;Shonagon;;;;;;;;;;;;;x
title_shonagon_desc;The Shonagon are said to help the memories of the principal officers, to put seals to deeds, and carry communications to others within the daijō-kan. They are both military and civil.;;;;;;;;;;;;;x
title_chunagon;Chunagon;;;;;;;;;;;;;x
title_chunagon_desc;In the ranks of the Imperial bureaucracy, the Chunagon(middle counselors) came between the Dainagon (major counselors) and the Shōnagon (minor counselors).;;;;;;;;;;;;;x
title_kunai;Kunai-kyo;;;;;;;;;;;;;x
title_kunai_desc;The Minister of the Imperial Household provided for the needs of the Imperial Household.;;;;;;;;;;;;;x
title_nakatsukasa;Nakatsukasa-kyo;;;;;;;;;;;;;x
title_nakatsukasa_desc;The Nakatsukasa-kyo or Minister of Central Affairs administered all duties related to the Imperial Court, such as assisting the Emperor, proclaiming the imperial edict, conferring the court rank.;;;;;;;;;;;;;x
title_minbu;Minbu-kyo;;;;;;;;;;;;;x
title_minbu_desc;The Minbu-kyo or Minister of Popular Affairs managed affairs related to families, the fields, mountains and rivers, roads, and land taxes nationwide;;;;;;;;;;;;;x
title_daijotenno;Daijo Tenno;;;;;;;;;;;;;x
title_daijotenno_desc;The Daijo Tenno is the title for an Emperor of Japan who abdicates the Chrysanthemum Throne in favour of a successor.;;;;;;;;;;;;;x
yamato;Blood of Jimmu;;;;;;;;;;;;;x
yamato_desc;The legendary first emperor of Japan, he launched a military expedition from Hyuga near the Seto Inland Sea, captured Yamato, and established this as his center of power.;;;;;;;;;;;;;x
todaiji_buddhist;Nara;;;;;;;;;;;;;x
todaiji_buddhist_desc;Nara Buddhism refers to Buddhist scholarship and monasteries in Nara, the first permanent capital of Japan, during the Nara period.;;;;;;;;;;;;;x
nanzenji_buddhist;Zen;;;;;;;;;;;;;x
nanzenji_buddhist_desc;Japanese Zen refers to the Japanese forms of Zen Buddhism, an originally Chinese Mahayana school of Buddhism that strongly emphasizes dhyana, the meditative training of awareness and equanimity.;;;;;;;;;;;;;x
nichiren_buddhist;Nichiren;;;;;;;;;;;;;x
nichiren_buddhist_desc;Nichiren, also known as Hokkeshu is a branch of Mahayana Buddhism based on the teachings of the 13th-century Japanese Buddhist priest Nichiren;;;;;;;;;;;;;x
jodoshinshu_buddhist;Amida;;;;;;;;;;;;;x
jodoshinshu_buddhist_desc;Amida is a broad branch of Mahayana Buddhism focused on achieving rebirth in a Buddha's Buddha-field or Pure Land. It is one of the most widely practiced traditions of Buddhism in East Asia.;;;;;;;;;;;;;x
koyasan_buddhist;Shingon;;;;;;;;;;;;;x
koyasan_buddhist_desc;Shingon is one of the major schools of Buddhism in Japan and one of the few surviving Vajrayana lineages in East Asia, originally spread from India to China through traveling monks such as Vajrabodhi and Amoghavajra.;;;;;;;;;;;;;x
enryakuji_buddhist;Tendai;;;;;;;;;;;;;x
enryakuji_buddhist_desc;Tendai, also known as the Tendai Lotus School is a Mahayana Buddhist tradition officially established in Japan in 806 by the Japanese monk Saicho.;;;;;;;;;;;;;x
ronin;Ronin;;;;;;;;;;;;;x
ronin_desc;A ronin, was a samurai without a lord or master during the feudal period of Japan. A samurai became masterless upon the death of his master or after the loss of his master's favor or privilege.;;;;;;;;;;;;;x
convert_shinto_branch;Change Shinto branch;;;;;;;;;;;;;x
EVTOPTAjapanevents.2;Convert to Nara Buddhism;;;;;;;;;;;;;x
EVTOPTBjapanevents.2;Convert to Tendai Buddhism;;;;;;;;;;;;;x
EVTOPTCjapanevents.2;Convert to Shingon Buddhism;;;;;;;;;;;;;x
EVTOPTDjapanevents.2;Convert to Amida Buddhism;;;;;;;;;;;;;x
EVTOPTEjapanevents.2;Convert to Nichiren Buddhism;;;;;;;;;;;;;x
EVTOPTFjapanevents.2;Convert to Zen Buddhism;;;;;;;;;;;;;x
EVTDESCjapanevents.2;Shinto Buddhism boasts several sects. It might be advantageous for us to change our branch.;;;;;;;;;;;;;x
EVTOPTGjapanevents.2;Next page;;;;;;;;;;;;;x
EVTOPTHjapanevents.2;Return;;;;;;;;;;;;;x
EVTOPTIjapanevents.2;Nonsense all of it;;;;;;;;;;;;;x
monastic_order_sohei;The Sohei;;;;;;;;;;;;;x
monastic_order_sohei_desc;The Sohei were Buddhist warrior monks of both classical and feudal Japan. At certain points in history, they held considerable power, obliging the imperial and military governments to collaborate.;;;;;;;;;;;;;x
monastic_order_sohei_currency;Devotion;;;;;;;;;;;;;x
monastic_order_sohei_rank_1_male;Ubasoko;;;;;;;;;;;;;x
monastic_order_sohei_rank_2_male;Sensei;;;;;;;;;;;;;x
monastic_order_sohei_rank_3_male;Osho;;;;;;;;;;;;;x
monastic_order_sohei_rank_4_male;Ajari;;;;;;;;;;;;;x
monastic_order_sohei_rank_1_female;Ubasoko;;;;;;;;;;;;;x
monastic_order_sohei_rank_2_female;Sensei;;;;;;;;;;;;;x
monastic_order_sohei_rank_3_female;Osho;;;;;;;;;;;;;x
monastic_order_sohei_rank_4_female;Ajari;;;;;;;;;;;;;x
currency_name_monastic_order_sohei;Devotion;;;;;;;;;;;;;x
the_shinobi;The Shinobi;;;;;;;;;;;;;x
currency_name_the_shinobi;Influence;;;;;;;;;;;;;x
the_shinobi_desc;The Shinobi were covert agents or mercenaries in feudal Japan. The functions of the shinobi included reconnaissance, espionage, infiltration, deception, ambush, bodyguarding and their fighting skills in martial arts, including ninjutsu. Their covert methods of waging irregular warfare were deemed dishonorable and beneath the honor of the samurai.;;;;;;;;;;;;;x
the_shinobi_rank_1_male;Genin;;;;;;;;;;;;;x
the_shinobi_rank_2_male;Chuunin;;;;;;;;;;;;;x
the_shinobi_rank_3_male;Jounin;;;;;;;;;;;;;x
the_shinobi_rank_4_male;Hokage;;;;;;;;;;;;;x
the_shinobi_rank_1_female;Genin;;;;;;;;;;;;;x
the_shinobi_rank_2_female;Chuunin;;;;;;;;;;;;;x
the_shinobi_rank_3_female;Jounin;;;;;;;;;;;;;x
the_shinobi_rank_4_female;Hokage;;;;;;;;;;;;;x
shinobi_drug_effect;Buy Opium in the black market;;;;;;;;;;;;;x
nihon_shinto_opinion;Shinto opinion;;;;;;;;;;;;;x
ask_total_harakiri;Request Familly's Hara-kiri;;;;;;;;;;;;;x
ask_total_harakiri_desc;Seppuku, sometimes referred to as hara-kiri, is a form of Japanese ritual suicide by disembowelment.;;;;;;;;;;;;;x
ask_harakiri;Request Hara-kiri;;;;;;;;;;;;;x
ask_harakiri_desc;Seppuku, sometimes referred to as hara-kiri, is a form of Japanese ritual suicide by disembowelment.;;;;;;;;;;;;;x
DEATH_HARAKIRI;committed hara-kiri;;;;;;;;;;;;;x
EVTDESCjapanevents.6;You have acted with great dishonour and are being asked by [From.GetTitledFirstName] to salvage the reputation of your familly by undergoing Hara-kiri.;;;;;;;;;;;;;x
EVTOPTAjapanevents.6;Death before dishonour;;;;;;;;;;;;;x
EVTOPTBjapanevents.6;Catch me if you can!;;;;;;;;;;;;;x
EVTDESCjapanevents.7;You have acted with great dishonour and are being asked by [From.GetTitledFirstName] to salvage the reputation of your familly by undergoing Hara-kiri along with all your close familly.;;;;;;;;;;;;;x
EVTOPTAjapanevents.7;Death before dishonour;;;;;;;;;;;;;x
EVTOPTBjapanevents.7;Catch me if you can!;;;;;;;;;;;;;x
japanese_feudalism;Samurai;;;;;;;;;;;;;x
japanese_feudalism_desc;The term samurai was originally used to denote the aristocratic warriors, but it came to apply to all the members of the warrior class that rose to power in the 12th century and dominated the Japanese government until the Meiji Restoration in 1868.;;;;;;;;;;;;;x
japanese_imperial_government;Insei;;;;;;;;;;;;;x
japanese_imperial_government_desc;Insei or 'cloistered government' describes the strategy of emperors during the late Heian Period (794-1185 CE) in ancient Japan where they abdicated in favour of a chosen heir yet still ruled in some capacity, typically after retiring to a Buddhist monastery, hence the reference to a cloister.;;;;;;;;;;;;;x 
retire_cloister;Retire to a Monastery;;;;;;;;;;;;;x
retire_cloister_desc;In feudal Japan emperors often abdicated and joined monastic communities, but retained power and influence.;;;;;;;;;;;;;x
EVTDESCjapanevents.10;Do you really wish to abdicate the Chrysanthemum Throne and join a monastic community?;;;;;;;;;;;;;x
EVTOPTAjapanevents.10;I shall rule from the shadows;;;;;;;;;;;;;x
EVTOPTBjapanevents.10;It is not time yet;;;;;;;;;;;;;x
d_bonin;Bonin;;;;;;;;;;;;;x
d_bonin_adj;Bonin;;;;;;;;;;;;;x
c_ogasawara;Ogasawara;;;;;;;;;;;;;x
c_ogasawara_adj;Ogasawara;;;;;;;;;;;;;x
c_oshimanew;Oshima;;;;;;;;;;;;;x
c_oshimanew_adj;Oshima;;;;;;;;;;;;;x
b_ogasawara;Ogasawara;;;;;;;;;;;;;x
b_hahajima;Hahajima;;;;;;;;;;;;;x
b_iwojima;Iwojima;;;;;;;;;;;;;x
b_oshimanew;Oshima;;;;;;;;;;;;;x
b_hachijo;Hachijo;;;;;;;;;;;;;x
b_aogashima;Aogashima;;;;;;;;;;;;;x
b_mikurajima;Mikurajima;;;;;;;;;;;;;x
b_miyake;Miyake;;;;;;;;;;;;;x
b_kozushima;Kozushima;;;;;;;;;;;;;x
b_niijima;Niijima;;;;;;;;;;;;;x
d_kurils;Kurils;;;;;;;;;;;;;x
d_kurils_adj;Kurils;;;;;;;;;;;;;x
c_kurilsk;Kurilsk;;;;;;;;;;;;;x
d_kurilsk_adj;Kurilsk;;;;;;;;;;;;;x
b_kurilsk;Kurilsk;;;;;;;;;;;;;x
b_baykovo;Baykovo;;;;;;;;;;;;;x
c_urup;Urup;;;;;;;;;;;;;x
c_urup_adj;Urup;;;;;;;;;;;;;x
b_urup;Urup;;;;;;;;;;;;;x
c_iturup;Iturup;;;;;;;;;;;;;x
c_iturup_adj;Iturup;;;;;;;;;;;;;x
b_iturup;Iturup;;;;;;;;;;;;;x
c_kunashir;Kunashir;;;;;;;;;;;;;x
c_kunashir_adj;Kunashir;;;;;;;;;;;;;x
b_kunashir;Kunashir;;;;;;;;;;;;;x
b_shikotan;Shikotan;;;;;;;;;;;;;x
c_sado;Sado;;;;;;;;;;;;;x
c_sado_adj;Sado;;;;;;;;;;;;;x
b_sado;Sado;;;;;;;;;;;;;x
b_seisuiji;Seisuiji;;;;;;;;;;;;;x
b_kiyomizudera;Kiyomizudera;;;;;;;;;;;;;x
b_hamochi;Hamochi;;;;;;;;;;;;;x
b_akadomari;Akadomari;;;;;;;;;;;;;x
b_kanonji;Kanonji;;;;;;;;;;;;;x
b_himezaki;Himezaki;;;;;;;;;;;;;x
kuge;Kuge;;;;;;;;;;;;;x
kuge_desc;The kuge was a Japanese aristocratic class that dominated the Japanese Imperial Court in Kyoto.;;;;;;;;;;;;;x