d_micronesia;Micronesia;;;;;;;;;;;;;x
d_micronesia_adj;Micronesian;;;;;;;;;;;;;x
c_palau;Micronesia;;;;;;;;;;;;;x 
c_palau_adj;Micronesian;;;;;;;;;;;;;x 
b_melekeok;Melekeok;;;;;;;;;;;;;x 
b_koror;Koror;;;;;;;;;;;;;x 
b_sonsoral;Sonsoral;;;;;;;;;;;;;x 
b_merir;Merir;;;;;;;;;;;;;x 
c_micronesia;Micronesia;;;;;;;;;;;;;x 
c_micronesia_adj;Micronesian;;;;;;;;;;;;;x 
b_micronesia;Micronesia;;;;;;;;;;;;;x 
b_mokil;Mokil;;;;;;;;;;;;;x 
b_pingelap;Pingelap;;;;;;;;;;;;;x 
b_ettal;Ettal;;;;;;;;;;;;;x 
c_nauru;Nauru;;;;;;;;;;;;;x 
c_nauru_adj;Nauru;;;;;;;;;;;;;x 
b_nauru;Nauru;;;;;;;;;;;;;x 
c_marshall;Marshall;;;;;;;;;;;;;x 
c_marshall_adj;Marshall;;;;;;;;;;;;;x 
b_ailinglaplap;Ailinglaplap;;;;;;;;;;;;;x 
b_namu;Namu;;;;;;;;;;;;;x 
b_wotje;Wotje;;;;;;;;;;;;;x 
b_molealap;Molealap;;;;;;;;;;;;;x 
c_tokelau;Tokelau;;;;;;;;;;;;;x 
c_tokelau_adj;Tokelau;;;;;;;;;;;;;x 
b_tokelau;Tokelau;;;;;;;;;;;;;x 
c_kiribati;Kiribati;;;;;;;;;;;;;x 
c_kiribati_adj;Kiribati;;;;;;;;;;;;;x 
b_kiribati;Kiribati;;;;;;;;;;;;;x 
c_guam;Guam;;;;;;;;;;;;;x 
c_guam_adj;Guam;;;;;;;;;;;;;x 
b_guam;Guam;;;;;;;;;;;;;x 
b_sinapalu;Sinapalu;;;;;;;;;;;;;x 
b_saipan;Saipan;;;;;;;;;;;;;x 
b_tinian;Tinian;;;;;;;;;;;;;x 
e_chukchi;Chukchi;;;;;;;;;;;;;x 
e_chukchi_adj;Chukchi;;;;;;;;;;;;;x 
k_chukchi;Chukchi;;;;;;;;;;;;;x 
k_chukchi_adj;Chukchi;;;;;;;;;;;;;x 
d_egvekinot;Egvekinot;;;;;;;;;;;;;x 
d_egvekinot_adj;Egvekinot;;;;;;;;;;;;;x 
c_egvekinot;Egvekinot;;;;;;;;;;;;;x 
c_egvekinot_adj;Egvekinot;;;;;;;;;;;;;x 
b_egvekinot;Egvekinot;;;;;;;;;;;;;x 
c_anadyr;Anadyr;;;;;;;;;;;;;x 
c_anadyr_adj;Anadyr;;;;;;;;;;;;;x 
b_anadyr;Anadyr;;;;;;;;;;;;;x 
b_tavayvaam;Tavazvaam;;;;;;;;;;;;;x 
b_shakhtyorsky;Shakhtzorsky;;;;;;;;;;;;;x 
b_ugolnyekopi;Ugolnzekopi;;;;;;;;;;;;;x 
c_amguema;Amguema;;;;;;;;;;;;;x 
c_amguema_adj;Amguema;;;;;;;;;;;;;x 
b_amguema;Amguema;;;;;;;;;;;;;x 
c_ryrkaypiy;Ryrkazpiy;;;;;;;;;;;;;x 
c_ryrkaypiy_adj;Ryrkazpiy;;;;;;;;;;;;;x 
b_ryrkaypiy;Ryrkazpiy;;;;;;;;;;;;;x 
c_uelkal;Uelkal;;;;;;;;;;;;;x 
c_uelkal_adj;Uelkal;;;;;;;;;;;;;x 
b_uelkal;Uelkal;;;;;;;;;;;;;x 
c_polyarny;Polyarny;;;;;;;;;;;;;x 
c_polyarny_adj;Polyarny;;;;;;;;;;;;;x
b_polyarny;Polyarny;;;;;;;;;;;;;x
d_yanrakynnot;Yanrakynnot;;;;;;;;;;;;;x
d_yanrakynnot_adj;Yanrakynnot;;;;;;;;;;;;;x
c_wrangel;Umqilir;;;;;;;;;;;;;x
c_wrangel_adj;Umqilir;;;;;;;;;;;;;x
b_zvozdnyy;Zvozdnyy;;;;;;;;;;;;;x
b_ushakovskoye;Ushakovskoye;;;;;;;;;;;;;x
c_yanrakynnot;Yanrakynnot;;;;;;;;;;;;;x
c_yanrakynnot_adj;Yanrakynnot;;;;;;;;;;;;;x
b_yanrakynnot;Yanrakynnot;;;;;;;;;;;;;x
b_sireniki;Sireniki;;;;;;;;;;;;;x
b_novoyechaplino;Novoye Chaplino;;;;;;;;;;;;;x
c_uelen;Uelen;;;;;;;;;;;;;x
c_uelen_adj;Uelen;;;;;;;;;;;;;x
b_uelen;Uelen;;;;;;;;;;;;;x
b_diomede;Diomede;;;;;;;;;;;;;x
b_lavrentiya;Lavrentiya;;;;;;;;;;;;;x
c_stlawrence;Sivuqaq;;;;;;;;;;;;;x
c_stlawrence_adj;Sivuqaq;;;;;;;;;;;;;x
b_savoonga;Savoonga;;;;;;;;;;;;;x
b_gambell;Gambell;;;;;;;;;;;;;x
d_khatyrka;Khatyrka;;;;;;;;;;;;;x
d_khatyrka_adj;Khatyrka;;;;;;;;;;;;;x
c_khatyrka;Khatyrka;;;;;;;;;;;;;x
c_khatyrka_adj;Khatyrka;;;;;;;;;;;;;x
b_khatyrka;Khatyrka;;;;;;;;;;;;;x
c_beringovskii;Beringovskii;;;;;;;;;;;;;x
c_beringovskii_adj;Beringovskii;;;;;;;;;;;;;x
b_beringovskii;Beringovskii;;;;;;;;;;;;;x
b_alkatvaam;Alkatvaam;;;;;;;;;;;;;x
c_berozovo;Berozovo;;;;;;;;;;;;;x
c_berozovo_adj;Berozovo;;;;;;;;;;;;;x
b_berozovo;Berozovo;;;;;;;;;;;;;x
c_pahachi;Pahachi;;;;;;;;;;;;;x
c_pahachi_adj;Pahachi;;;;;;;;;;;;;x
b_pahachi;Pahachi;;;;;;;;;;;;;x
c_anadyrsk;Anadyrsk;;;;;;;;;;;;;x
c_anadyrsk_adj;Anadyrsk;;;;;;;;;;;;;x
b_anadyrsk;Anadyrsk;;;;;;;;;;;;;x
c_duvan;Duvan;;;;;;;;;;;;;x
c_duvan_adj;Duvan;;;;;;;;;;;;;x
b_duvan;Duvan;;;;;;;;;;;;;x
c_selskoye;Selskoye;;;;;;;;;;;;;x
c_selskoye-adj;Selskoye;;;;;;;;;;;;;x
b_selskoye;Selskoye;;;;;;;;;;;;;x
d_manily;Manily;;;;;;;;;;;;;x
d_manily_adj;Manily;;;;;;;;;;;;;x
c_manily;Manily;;;;;;;;;;;;;x
c_manily_adj;Manily;;;;;;;;;;;;;x
b_manily;Manily;;;;;;;;;;;;;x
b_kamenskoe;Kamenskoe;;;;;;;;;;;;;x
c_ayanka;Ayanka;;;;;;;;;;;;;x
c_ayanka_adj;Ayanka;;;;;;;;;;;;;x
b_ayanka;Ayanka;;;;;;;;;;;;;x
c_vesenny;Vesenny;;;;;;;;;;;;;x
c_vesenny_adj;Vesenny;;;;;;;;;;;;;x
b_vesenny;Vesenny;;;;;;;;;;;;;x
c_vaegi;Vaegi;;;;;;;;;;;;;x
c_vaegi_adj;Vaegi;;;;;;;;;;;;;x
b_vaegi;Vaegi;;;;;;;;;;;;;x
c_oklan;Oklan;;;;;;;;;;;;;x
c_oklan_adj;Oklan;;;;;;;;;;;;;x
b_oklan;Oklan;;;;;;;;;;;;;x
d_neshkan;Neshkan;;;;;;;;;;;;;x
d_neshkan_adj;Neshkan;;;;;;;;;;;;;x
c_neshkan;Neshkan;;;;;;;;;;;;;x
c_neshkan_adj;Neshkan;;;;;;;;;;;;;x
b_neshkan;Neshkan;;;;;;;;;;;;;x
b_enurmino;Enurmino;;;;;;;;;;;;;x
c_vankarem;Vankarem;;;;;;;;;;;;;x
c_vankarem_adj;Vankarem;;;;;;;;;;;;;x
b_vankarem;Vankarem;;;;;;;;;;;;;x
b_nutepelmen;Nutepelmen;;;;;;;;;;;;;x
c_nunligran;Nunligran;;;;;;;;;;;;;x
c_nunligran_adj;Nunligran;;;;;;;;;;;;;x
b_nunligran;Nunligran;;;;;;;;;;;;;x
b_enmelen;Enmelen;;;;;;;;;;;;;x
c_konergino;Konergino;;;;;;;;;;;;;x
c_konergino_adj;Konergino;;;;;;;;;;;;;x
b_konergino;Konergino;;;;;;;;;;;;;x
d_valkumey;Valkumey;;;;;;;;;;;;;x
d_valkumey_adj;Valkumey;;;;;;;;;;;;;x
c_valkumey;Valkumey;;;;;;;;;;;;;x
c_valkumey_adj;Valkumey;;;;;;;;;;;;;x
b_valkumey;Valkumey;;;;;;;;;;;;;x
b_pevek;Pevek;;;;;;;;;;;;;x
b_krasnoarmeyskiy;Krasnoarmeyskiy;;;;;;;;;;;;;x
b_bystry;Bystry;;;;;;;;;;;;;x
b_komsomolsky;Komsomolsky;;;;;;;;;;;;;x
c_ustbelaya;Ust Belaya;;;;;;;;;;;;;x
c_ustbelaya_adj;Ust Belaya;;;;;;;;;;;;;x
b_ustbelaya;Ust Belaya;;;;;;;;;;;;;x
b_otrozhny;Otrozhny;;;;;;;;;;;;;x
c_mayskiy;Mayskiy;;;;;;;;;;;;;x
c_mayskiy_adj;Mayskiy;;;;;;;;;;;;;x
b_mayskiy;Mayskiy;;;;;;;;;;;;;x
c_krasneno;Krasneno;;;;;;;;;;;;;x
c_krasneno_adj;Krasneno;;;;;;;;;;;;;x
b_krasneno;Krasneno;;;;;;;;;;;;;x
c_lamutskoye;Lamutskoye;;;;;;;;;;;;;x
c_lamutskoye_adj;Lamutskoye;;;;;;;;;;;;;x
b_lamutskoye;Lamutskoye;;;;;;;;;;;;;x
c_ayon;Ayon;;;;;;;;;;;;;x
c_ayon_adj;Ayon;;;;;;;;;;;;;x
b_ayon;Ayon;;;;;;;;;;;;;x
d_chkalov;Chkalov;;;;;;;;;;;;;x
d_chkalov_adj;Chkalov;;;;;;;;;;;;;x
c_chkalov;Chkalov;;;;;;;;;;;;;x
c_chkalov_adj;Chkalov;;;;;;;;;;;;;x
b_chkalov;Chkalov;;;;;;;;;;;;;x
c_uyandi;Uyandi;;;;;;;;;;;;;x
c_uyandi_adj;Uyandi;;;;;;;;;;;;;x
b_uyandi;Uyandi;;;;;;;;;;;;;x
c_olenegorsk;Olenegorsk;;;;;;;;;;;;;x
c_olenegorsk_adj;Olenegorsk;;;;;;;;;;;;;x
b_olenegorsk;Olenegorsk;;;;;;;;;;;;;x
c_russkoyeustye;Russkoyeustye;;;;;;;;;;;;;x
c_russkoyeustye_adj;Russkoyeustye;;;;;;;;;;;;;x
b_russkoyeustye;Russkoyeustye;;;;;;;;;;;;;x
c_chokurdakh;Chokurdakh;;;;;;;;;;;;;x
c_chokurdakh_adj;Chokurdakh;;;;;;;;;;;;;x
b_chokurdakh;Chokurdakh;;;;;;;;;;;;;x
c_yermolovo;Yermolovo;;;;;;;;;;;;;x
c_yermolovo_adj;Yermolovo;;;;;;;;;;;;;x
b_yermolovo;Yermolovo;;;;;;;;;;;;;x
c_kolymskoye;Kolymskoye;;;;;;;;;;;;;x
c_kolymskoye_adj;Kolymskoye;;;;;;;;;;;;;x
b_kolymskoye;Kolymskoye;;;;;;;;;;;;;x
d_chersky;Chersky;;;;;;;;;;;;;x
d_chersky_adj;Chersky;;;;;;;;;;;;;x
c_chersky;Chersky;;;;;;;;;;;;;x
c_chersky_adj;Chersky;;;;;;;;;;;;;x
b_chersky;Chersky;;;;;;;;;;;;;x
b_aniuisk;Aniuisk;;;;;;;;;;;;;x
c_mikhalkino;Mikhalkino;;;;;;;;;;;;;x
c_mikhalkino_adj;Mikhalkino;;;;;;;;;;;;;x
b_mikhalkino;Mikhalkino;;;;;;;;;;;;;x
b_kraylesa;Kraylesa;;;;;;;;;;;;;x
b_pokhodsk;Pokhodsk;;;;;;;;;;;;;x
c_andryushkino;Andryushkino;;;;;;;;;;;;;x
c_andryushkino_adj;Andryushkino;;;;;;;;;;;;;x
b_andryushkino;Andryushkino;;;;;;;;;;;;;x
c_mandrikovo;Mandrikovo;;;;;;;;;;;;;x
c_mandrikovo_adj;Mandrikovo;;;;;;;;;;;;;x
b_mandrikovo;Mandrikovo;;;;;;;;;;;;;x
c_ostrovnoye;Ostrovnoye;;;;;;;;;;;;;x
c_ostrovnoye_adj;Ostrovnoye;;;;;;;;;;;;;x
b_ostrovnoye;Ostrovnoye;;;;;;;;;;;;;x
b_bilibino;Bilibino;;;;;;;;;;;;;x
b_keperveyem;Keperveyem;;;;;;;;;;;;;x
k_koryak;Koryak;;;;;;;;;;;;;x
k_koryak_adj;Koryak;;;;;;;;;;;;;x
d_sokoch;Sokoch;;;;;;;;;;;;;x
d_sokoch_adj;Sokoch;;;;;;;;;;;;;x
c_sokoch;Sokoch;;;;;;;;;;;;;x
c_sokoch_adj;Sokoch;;;;;;;;;;;;;x
b_sokoch;Sokoch;;;;;;;;;;;;;x
b_nachiki;Nachiki;;;;;;;;;;;;;x
b_apacha;Apacha;;;;;;;;;;;;;x
b_malka;Malka;;;;;;;;;;;;;x
b_dalniy;Dalniy;;;;;;;;;;;;;x
b_ganaly;Ganaly;;;;;;;;;;;;;x 
c_petropavlovsk;Petropavlovsk;;;;;;;;;;;;;x
c_petropavlovsk_adj;Petropavlovsk;;;;;;;;;;;;;x
b_petropavlovsk;Petropavlovsk;;;;;;;;;;;;;x
b_vilyuchinsk;Vilyuchinsk;;;;;;;;;;;;;x
b_paratunka;Paratunka;;;;;;;;;;;;;x
b_nikolaevka;Nikolaevka;;;;;;;;;;;;;x
b_zaozernyy;Zaozernyy;;;;;;;;;;;;;x
b_chapayevka;Chapayevka;;;;;;;;;;;;;x
c_ozernovskiy;Ozernovskiy;;;;;;;;;;;;;x
c_ozernovskiy-adj;Ozernovskiy;;;;;;;;;;;;;x
b_ozernovskiy;Ozernovskiy;;;;;;;;;;;;;x
b_zaporozhye;Zaporozhye;;;;;;;;;;;;;x
b_pauzhetka;Pauzhetka;;;;;;;;;;;;;x
c_lazo;Lazo;;;;;;;;;;;;;x
c_lazo_adj;Lazo;;;;;;;;;;;;;x
b_lazo;Lazo;;;;;;;;;;;;;x
d_ustbolsheretsk;Ust Bolsheretsk;;;;;;;;;;;;;x
d_ustbolsheretsk_adj;Ust Bolsheretsk;;;;;;;;;;;;;x
c_ustbolsheretsk;Ust Bolsheretsk;;;;;;;;;;;;;x
c_ustbolsheretsk_adj;Ust Bolsheretsk;;;;;;;;;;;;;x
b_ustbolsheretsk;Ust Bolsheretsk;;;;;;;;;;;;;x
b_kavalerskoye;Kavalerskoye;;;;;;;;;;;;;x
b_oktyabrskii;Oktyabrskii;;;;;;;;;;;;;x
c_kikhchik;Kikhchik;;;;;;;;;;;;;x
c_kikhchik_adj;Kikhchik;;;;;;;;;;;;;x
b_kikhchik;Kikhchik;;;;;;;;;;;;;x
c_esso;Esso;;;;;;;;;;;;;x
c_esso_adj;Esso;;;;;;;;;;;;;x
b_esso;Esso;;;;;;;;;;;;;x
c_ustkhayryuzovo;Ust Khayryuzovo;;;;;;;;;;;;;x
c_ustkhayryuzovo_adj;Ust Khayryuzovo;;;;;;;;;;;;;x
b_ustkhayryuzovo;Ust Khayryuzovo;;;;;;;;;;;;;x
c_voyampolka;Voyampolka;;;;;;;;;;;;;x
c_voyampolka_adj;Voyampolka;;;;;;;;;;;;;x
b_voyampolka;Voyampolka;;;;;;;;;;;;;x
d_bering;Bering;;;;;;;;;;;;;x
d_bering_adj;Bering;;;;;;;;;;;;;x
c_adak;Adak;;;;;;;;;;;;;x
c_adak_adj;Adak;;;;;;;;;;;;;x
b_adak;Adak;;;;;;;;;;;;;x
b_atka;Atka;;;;;;;;;;;;;x
c_unalaska;Unalaska;;;;;;;;;;;;;x
c_unalaska_adj;Unalaska;;;;;;;;;;;;;x
b_unalaska;Unalaska;;;;;;;;;;;;;x
c_mayskoye;Mayskoye;;;;;;;;;;;;;x
c_mayskoye_adj;Mayskoye;;;;;;;;;;;;;x
b_mayskoye;Mayskoye;;;;;;;;;;;;;x
c_bering;Bering;;;;;;;;;;;;;x
c_bering_adj;Bering;;;;;;;;;;;;;x
b_nikolskoe;Nikolskoe;;;;;;;;;;;;;x
d_dolinovka;Dolinovka;;;;;;;;;;;;;x
d_dolinovka_adj;Dolinovka;;;;;;;;;;;;;x
c_dolinovka;Dolinovka;;;;;;;;;;;;;x
c_dolinovka_adj;Dolinovka;;;;;;;;;;;;;x
b_dolinovka;Dolinovka;;;;;;;;;;;;;x
b_tayezhnyy;Tayezhnyy;;;;;;;;;;;;;x
c_kliuchi;Kliuchi;;;;;;;;;;;;;x
c_kliuchi_adj;Kliuchi;;;;;;;;;;;;;x
b_kliuchi;Kliuchi;;;;;;;;;;;;;x
c_anavgay;Anavgay;;;;;;;;;;;;;x
c_anavgay_adj;Anavgay;;;;;;;;;;;;;x
b_anavgay;Anavgay;;;;;;;;;;;;;x
c_ustkamchatsk;Ust Kamchatsk;;;;;;;;;;;;;x
c_ustkamchatsk_adj;Ust Kamchatsk;;;;;;;;;;;;;x
b_ustkamchatsk;Ust Kamchatsk;;;;;;;;;;;;;x
d_tilichiki;Tilichiki;;;;;;;;;;;;;x
d_tilichiki_adj;Tilichiki;;;;;;;;;;;;;x
c_tilichiki;Tilichiki;;;;;;;;;;;;;x
c_tilichiki_adj;Tilichiki;;;;;;;;;;;;;x
b_tilichiki;Tilichiki;;;;;;;;;;;;;x
b_korf;Korf;;;;;;;;;;;;;x
c_khailino;Khailino;;;;;;;;;;;;;x
c_khailino_adj;Khailino;;;;;;;;;;;;;x
b_khailino;Khailino;;;;;;;;;;;;;x
c_talovka;Talovka;;;;;;;;;;;;;x
c_talovka_adj;Talovka;;;;;;;;;;;;;x
b_talovka;Talovka;;;;;;;;;;;;;x
c_ilpyrskoye;Ilpyrskoye;;;;;;;;;;;;;x
c_ilpyrskoye_adj;Ilpyrskoye;;;;;;;;;;;;;x
b_ilpyrskoye;Ilpyrskoye;;;;;;;;;;;;;x
c_palana;Palana;;;;;;;;;;;;;x
c_palana_adj;Palana;;;;;;;;;;;;;x
b_palana;Palana;;;;;;;;;;;;;x
c_karaga;Karaga;;;;;;;;;;;;;x
c_karaga_adj;Karaga;;;;;;;;;;;;;x
b_karaga;Karaga;;;;;;;;;;;;;x
b_ossora;Ossora;;;;;;;;;;;;;x
d_podcherye;Podcherye;;;;;;;;;;;;;x
d_podcherye_adj;Podcherye;;;;;;;;;;;;;x
c_podcherye;Podcherye;;;;;;;;;;;;;x
c_podcherye_adj;Podcherye;;;;;;;;;;;;;x
b_podcherye;Podcherye;;;;;;;;;;;;;x
b_kyrta;Kyrta;;;;;;;;;;;;;x
b_vuktyl;Vuktyl;;;;;;;;;;;;;x
b_lemtybozh;Lemtybozh;;;;;;;;;;;;;x
b_dutovo;Dutovo;;;;;;;;;;;;;x
b_ustsoplesk;Ust Soplesk;;;;;;;;;;;;;x
c_kadzherom;Kadzherom;;;;;;;;;;;;;x
c_kadzherom_adj;Kadzherom;;;;;;;;;;;;;x
b_kadzherom;Kadzherom;;;;;;;;;;;;;x
b_talyi;Talyi;;;;;;;;;;;;;x
b_chikshino;Chikshino;;;;;;;;;;;;;x
b_berozovka;Berozovka;;;;;;;;;;;;;x
b_rybnitsa;Rybnitsa;;;;;;;;;;;;;x
b_zelenoborsk;Zelenoborsk;;;;;;;;;;;;;x
c_usinsk;Usinsk;;;;;;;;;;;;;x
c_usinsk_adj;Usinsk;;;;;;;;;;;;;x
b_usinsk;Usinsk;;;;;;;;;;;;;x
b_kipiyevo;Kipiyevo;;;;;;;;;;;;;x
b_ustlyzha;Ust Lyzha;;;;;;;;;;;;;x
b_praskan;Praskan;;;;;;;;;;;;;x
b_synyanyrd;Synyanyrd;;;;;;;;;;;;;x
c_inta;Inta;;;;;;;;;;;;;x
c_inta_adj;Inta;;;;;;;;;;;;;x
b_inta;Inta;;;;;;;;;;;;;x
b_verkhnyaya;Verkhnyaya;;;;;;;;;;;;;x
b_kozhymvom;Kozhymvom;;;;;;;;;;;;;x
b_kosyu;Kosyu;;;;;;;;;;;;;x
c_pripolyarnyi;Pripolyarnyi;;;;;;;;;;;;;x
c_pripolyarnyi_adj;Pripolyarnyi;;;;;;;;;;;;;x
b_pripolyarnyi;Pripolyarnyi;;;;;;;;;;;;;x
b_vozei;Vozei;;;;;;;;;;;;;x
b_shchelyabozh;Shchelyabozh;;;;;;;;;;;;;x
d_vorkuta;Vorkuta;;;;;;;;;;;;;x
d_vorkuta_adj;Vorkuta;;;;;;;;;;;;;x
c_seyda;Seyda;;;;;;;;;;;;;x
c_seyda_adj;Seyda;;;;;;;;;;;;;x
b_seyda;Seyda;;;;;;;;;;;;;x
b_yeletskiy;Yeletskiy;;;;;;;;;;;;;x
c_vorkuta;Vorkuta;;;;;;;;;;;;;x
c_vorkuta_adj;Vorkuta;;;;;;;;;;;;;x
b_vorkuta;Vorkuta;;;;;;;;;;;;;x
b_stroitelnyi;Stroitelnyi;;;;;;;;;;;;;x
b_severny;Severny;;;;;;;;;;;;;x
b_oktyabrskii;Oktyabrskii;;;;;;;;;;;;;x}
c_kharuta;Kharuta;;;;;;;;;;;;;x
c_kharuta_adj;Kharuta;;;;;;;;;;;;;x
b_kharuta;Kharuta;;;;;;;;;;;;;x
c_sivomaskinskiy;Sivomaskinskiy;;;;;;;;;;;;;x
c_sivomaskinskiy_adj;Sivomaskinskiy;;;;;;;;;;;;;x
b_sivomaskinskiy;Sivomaskinskiy;;;;;;;;;;;;;x
b_abez;Abez;;;;;;;;;;;;;x
b_fion;Fion;;;;;;;;;;;;;x
d_muzhi;Muzhi;;;;;;;;;;;;;x
d_muzhi_adj;Muzhi;;;;;;;;;;;;;x
c_muzhi;Muzhi;;;;;;;;;;;;;x
c_muzhi_adj;Muzhi;;;;;;;;;;;;;x
b_muzhi;Muzhi;;;;;;;;;;;;;x
b_vosyakhovo;Vosyakhovo;;;;;;;;;;;;;x
b_vershinavoykar;Vershinavoykar;;;;;;;;;;;;;x
b_gorki;Gorki;;;;;;;;;;;;;x
b_ovgort;Ovgort;;;;;;;;;;;;;x
c_shchekurya;Shchekurya;;;;;;;;;;;;;x
c_shchekurya_adj;Shchekurya;;;;;;;;;;;;;x
b_shchekurya;Shchekurya;;;;;;;;;;;;;x
b_lombovozh;Lombovozh;;;;;;;;;;;;;x
c_yugorsk;Yugorsk;;;;;;;;;;;;;x
c_yugorsk_adj;Yugorsk;;;;;;;;;;;;;x
b_yugorsk;Yugorsk;;;;;;;;;;;;;x
b_alyabevskii;Alyabevskii;;;;;;;;;;;;;x
b_zelenoborsk;Zelenoborsk;;;;;;;;;;;;;x
c_nyagan;Nyagan;;;;;;;;;;;;;x
c_nyagan_adj;Nyagan;;;;;;;;;;;;;x
b_nyagan;Nyagan;;;;;;;;;;;;;x
b_uniugan;Uniugan;;;;;;;;;;;;;x
b_igrim;Igrim;;;;;;;;;;;;;x
b_sergino;Sergino;;;;;;;;;;;;;x
c_kushshor;Kushshor;;;;;;;;;;;;;x
c_kushshor_adj;Kushshor;;;;;;;;;;;;;x
b_kushshor;Kushshor;;;;;;;;;;;;;x
d_kazymmus;Kazymmus;;;;;;;;;;;;;x
d_kazymmus_adj;Kazymmus;;;;;;;;;;;;;x
c_yagelnyi;Yagelnyi;;;;;;;;;;;;;x
c_yagelnyi_adj;Yagelnyi;;;;;;;;;;;;;x
b_yagelnyi;Yagelnyi;;;;;;;;;;;;;x
b_priozernyi;Priorzernyi;;;;;;;;;;;;;x
c_zelenyyyar;Zelenyy Yar;;;;;;;;;;;;;x
c_zelenyyyar_adj;Zelenyy Yar;;;;;;;;;;;;;x
b_zelenyyyar;Zelenyy Yar;;;;;;;;;;;;;x
c_kazymmys;Kazymmys;;;;;;;;;;;;;x
c_kazymmys_adj;Kazymmys;;;;;;;;;;;;;x
b_kazymmys;Kazymmys;;;;;;;;;;;;;x
c_lopkhari;Lopkhari;;;;;;;;;;;;;x
c_lopkhari_adj;Lopkhari;;;;;;;;;;;;;x
b_lopkhari;Lopkhari;;;;;;;;;;;;;x
b_azovy;Azovy;;;;;;;;;;;;;x
c_pitlyar;Pitlyar;;;;;;;;;;;;;x
c_pitlyar_adj;Pitlyar;;;;;;;;;;;;;x
b_pitlyar;Pitlyar;;;;;;;;;;;;;x
b_khoshgort;Khoshgort;;;;;;;;;;;;;x
d_tarkosale;Tarkosale;;;;;;;;;;;;;x
d_tarkosale_adj;Tarkosale;;;;;;;;;;;;;x
c_tarkosale;Tarkosale;;;;;;;;;;;;;x
c_tarkosale_adj;Tarkosale;;;;;;;;;;;;;x
b_tarkosale;Tarkosale;;;;;;;;;;;;;x
b_purovsk;Purovsk;;;;;;;;;;;;;x
b_syvdarma;Syvdarma;;;;;;;;;;;;;x
c_khanymei;Khanymei;;;;;;;;;;;;;x
c_khanymei_adj;Khanymei;;;;;;;;;;;;;x
b_khanymei;Khanymei;;;;;;;;;;;;;x
b_noyabrsk;Noyabrsk;;;;;;;;;;;;;x
c_longyugan;Longyugan;;;;;;;;;;;;;x
c_longyugan_adj;Longyugan;;;;;;;;;;;;;x
b_longyugan;Longyugan;;;;;;;;;;;;;x
b_sorum;Sorum;;;;;;;;;;;;;x
c_muravlenko;Muravlenko;;;;;;;;;;;;;x
c_muravlenko_adj;Muravlenko;;;;;;;;;;;;;x
b_muravlenko;Muravlenko;;;;;;;;;;;;;x
c_tolka;Tolka;;;;;;;;;;;;;x
c_tolka_adj;Tolka;;;;;;;;;;;;;x
b_tolka;Tolka;;;;;;;;;;;;;x
c_kellog;Kellog;;;;;;;;;;;;;x
c_kellog_adj;Kellog;;;;;;;;;;;;;x
b_kellog;Kellog;;;;;;;;;;;;;x
b_verkhneimbatsk;Verkhneimbatsk;;;;;;;;;;;;;x
d_surgut;Surgut;;;;;;;;;;;;;x
d_surgut_adj;Surgut;;;;;;;;;;;;;x
c_surgut;Surgut;;;;;;;;;;;;;x
c_surgut_adj;Surgut;;;;;;;;;;;;;x
b_surgut;Surgut;;;;;;;;;;;;;x
b_saigatina;Saigatina;;;;;;;;;;;;;x
b_yugan;Yugan;;;;;;;;;;;;;x
b_ryabinovyy;Ryabinovyy;;;;;;;;;;;;;x
b_shirokovo;Shirokovo;;;;;;;;;;;;;x
b_bannyi;Bannyi;;;;;;;;;;;;;x
c_kikkiakki;Kikkiakki;;;;;;;;;;;;;x
c_kikkiakki_adj;Kikkiakki;;;;;;;;;;;;;x
b_kikkiakki;Kikkiakki;;;;;;;;;;;;;x
c_vorogovo;Vorogovo;;;;;;;;;;;;;x
c_vorogovo_adj;Vorogovo;;;;;;;;;;;;;x
b_vorogovo;Vorogovo;;;;;;;;;;;;;x
b_bor;Bor;;;;;;;;;;;;;x
b_zotino;Zotino;;;;;;;;;;;;;x
c_korliki;Korliki;;;;;;;;;;;;;x
c_korliki_adj;Korliki;;;;;;;;;;;;;x
b_korliki;Korliki;;;;;;;;;;;;;x
c_krasnoselkup;Krasnoselkup;;;;;;;;;;;;;x
c_krasnoselkup_adj;Krasnoselkup;;;;;;;;;;;;;x
b_krasnoselkup;Krasnoselkup;;;;;;;;;;;;;x
c_rechka;Rechka;;;;;;;;;;;;;x
c_rechka_adj;Rechka;;;;;;;;;;;;;x
b_rechka;Rechka;;;;;;;;;;;;;x
d_vorgashor;Vorgashor;;;;;;;;;;;;;x
d_vorgashor_adj;Vorgashor;;;;;;;;;;;;;x
c_vorgashor;Vorgashor;;;;;;;;;;;;;x
c_vorgashor_adj;Vorgashor;;;;;;;;;;;;;x
b_vorgashor;Vorgashor;;;;;;;;;;;;;x
b_promyshlennyi;Promyshlennyi;;;;;;;;;;;;;x
b_zapolyarnyi;Zapolyarnyi;;;;;;;;;;;;;x
b_mulda;Mulda;;;;;;;;;;;;;x
c_karataika;Karataika;;;;;;;;;;;;;x
c_karataika_adj;Karataika;;;;;;;;;;;;;x
b_karataika;Karataika;;;;;;;;;;;;;x
c_kharyaginskii;Kharyaginskii;;;;;;;;;;;;;x
c_kharyaginskii_adj;Kharyaginskii;;;;;;;;;;;;;x
b_kharyaginskii;Kharyaginskii;;;;;;;;;;;;;x
b_madora;Madora;;;;;;;;;;;;;x
c_vangurey;Vangurey;;;;;;;;;;;;;x
c_vangurey_adj;Vangurey;;;;;;;;;;;;;x
b_vangurey;Vangurey;;;;;;;;;;;;;x
b_nosovaya;Nosovaya;;;;;;;;;;;;;x
b_varandey;Varandey;;;;;;;;;;;;;x
b_krasnoy;Krasnoy;;;;;;;;;;;;;x
c_ustzsilma;Ust Tsilma;;;;;;;;;;;;;x
c_ustzsilma_adj;Ust Tsilma;;;;;;;;;;;;;x
b_ustzsilma;Ust Tsilma;;;;;;;;;;;;;x
b_byk;Byk;;;;;;;;;;;;;x
d_salekhard;Salekhard;;;;;;;;;;;;;x
d_salekhard_adj;Salekhard;;;;;;;;;;;;;x
c_salekhard;Salekhard;;;;;;;;;;;;;x
c_salekhard_adj;Salekhard;;;;;;;;;;;;;x
b_salekhard;Salekhard;;;;;;;;;;;;;x
b_sjyukluk;Sjyukluk;;;;;;;;;;;;;x
b_obskoi;Obskoi;;;;;;;;;;;;;x
b_labytnangi;labytnangi;;;;;;;;;;;;;x
b_aksarka;Aksarka;;;;;;;;;;;;;x
b_sobskiye;Sobskiye;;;;;;;;;;;;;x
b_kharsaim;Kharsaim;;;;;;;;;;;;;x
c_kutogpyugansk;Kutogpyugansk;;;;;;;;;;;;;x
c_kutogpyugansk_adj;Kutogpyugansk;;;;;;;;;;;;;x
b_kutogpyugansk;Kutogpyugansk;;;;;;;;;;;;;x
c_panayevsk;Panayevsk;;;;;;;;;;;;;x
c_panayevsk_adj;Panayevsk;;;;;;;;;;;;;x
b_yarsale;Yarsale;;;;;;;;;;;;;x
b_panayevsk;Panayevsk;;;;;;;;;;;;;x
b_salemal;Salemal;;;;;;;;;;;;;x
c_yary;Yary;;;;;;;;;;;;;x
c_yary_adj;Yary;;;;;;;;;;;;;x
b_yary;Yary;;;;;;;;;;;;;x
d_baykalovsk;Baykalovsk;;;;;;;;;;;;;x
d_baykalovsk_adj;Baykalovsk;;;;;;;;;;;;;x
c_baykalovsk;Baykalovsk;;;;;;;;;;;;;x
c_baykalovsk_adj;Baykalovsk;;;;;;;;;;;;;x
b_baykalovsk;Baykalovsk;;;;;;;;;;;;;x
b_polikarpovsk;Polikarpovsk;;;;;;;;;;;;;x
c_igarka;Igarka;;;;;;;;;;;;;x
c_igarka_adj;Igarka;;;;;;;;;;;;;x
b_igarka;Igarka;;;;;;;;;;;;;x
c_matyuysale;Matyuysale;;;;;;;;;;;;;x
c_matyuysale_adj;Matyuysale;;;;;;;;;;;;;x
b_matyuysale;Matyuysale;;;;;;;;;;;;;x
b_leskino;Leskino;;;;;;;;;;;;;x
c_tazovskii;Tazovskii;;;;;;;;;;;;;x
c_tazovskii_adj;Tazovskii;;;;;;;;;;;;;x
b_tazovskii;Tazovskii;;;;;;;;;;;;;x
b_gazsale;Gazsale;;;;;;;;;;;;;x
b_tibeysale;Tibeysale;;;;;;;;;;;;;x
c_antipayuta;Antipayuta;;;;;;;;;;;;;x
c_antipayuta_adj;Antipayuta;;;;;;;;;;;;;x
b_antipayuta;Antipayuta;;;;;;;;;;;;;x
b_napalkovo;Napalkovo;;;;;;;;;;;;;x
c_tadebyayakha;Tadebyayakha;;;;;;;;;;;;;x
c_tadebyayakha_adj;Tadebyayakha;;;;;;;;;;;;;x
b_tadebyayakha;Tadebyayakha;;;;;;;;;;;;;x
b_yuribey;Yuribey;;;;;;;;;;;;;x
b_gyda;Gyda;;;;;;;;;;;;;x
d_korotchayevo;Korotchayevo;;;;;;;;;;;;;x
d_korotchayevo_adj;Korotchayevo;;;;;;;;;;;;;x
c_korotchayevo;Korotchayevo;;;;;;;;;;;;;x
c_korotchayevo_adj;Korotchayevo;;;;;;;;;;;;;x
b_korotchayevo;Korotchayevo;;;;;;;;;;;;;x
b_limbyayakha;Limbyayakha;;;;;;;;;;;;;x
b_urengoy;Urengoy;;;;;;;;;;;;;x
b_novyurengoy;Novy Urengoy;;;;;;;;;;;;;x
c_yamburg;Yamburg;;;;;;;;;;;;;x
c_yamburg_adj;Yamburg;;;;;;;;;;;;;x
b_yamburg;Yamburg;;;;;;;;;;;;;x
c_samburg;Samburg;;;;;;;;;;;;;x
c_samburg_adj;Samburg;;;;;;;;;;;;;x
b_samburg;Samburg;;;;;;;;;;;;;x
c_nadym;Nadym;;;;;;;;;;;;;x
c_nadym_adj;Nadym;;;;;;;;;;;;;x
b_nadym;Nadym;;;;;;;;;;;;;x
c_nyda;Nyda;;;;;;;;;;;;;x
c_nyda_adj;Nyda;;;;;;;;;;;;;x
b_nyda;Nyda;;;;;;;;;;;;;x
b_nori;Nori;;;;;;;;;;;;;x
b_numgi;Numgi;;;;;;;;;;;;;x
b_zapolyarnyi;Zapolyarnyi;;;;;;;;;;;;;x
d_sabetta;Sabetta;;;;;;;;;;;;;x
d_sabetta_adj;Sabetta;;;;;;;;;;;;;x
c_sabetta;Sabetta;;;;;;;;;;;;;x
c_sabetta_adj;Sabetta;;;;;;;;;;;;;x
b_sabetta;Sabetta;;;;;;;;;;;;;x
b_drovyanoy;Drovyanoy;;;;;;;;;;;;;x
c_ustyuribey;Ust Yuribey;;;;;;;;;;;;;x
c_ustyuribey_adj;Ust Yuribey;;;;;;;;;;;;;x
b_ustyuribey;Ust Yuribey;;;;;;;;;;;;;x
c_mordyyakha;Mordyyakha;;;;;;;;;;;;;x
c_mordyyakha_adj;Mordyyakha;;;;;;;;;;;;;x
b_mordyyakha;Mordyyakha;;;;;;;;;;;;;x
b_bovanenkovo;Bovanenkovo;;;;;;;;;;;;;x
c_seyakha;Seyakha;;;;;;;;;;;;;x
c_seyakha_adj;Seyakha;;;;;;;;;;;;;x
b_seyakha;Seyakha;;;;;;;;;;;;;x
c_kharasavey;Kharasavey;;;;;;;;;;;;;x
c_kharasavey_adj;Kharasavey;;;;;;;;;;;;;x
b_kharasavey;Kharasavey;;;;;;;;;;;;;x
c_miskamenske;Miskamenske;;;;;;;;;;;;;x
c_miskamenske_adj;Miskamenske;;;;;;;;;;;;;x
b_miskamenske;Miskamenske;;;;;;;;;;;;;x
b_novyport;Novyport;;;;;;;;;;;;;x
d_yuzhny;Yuzhny;;;;;;;;;;;;;x
d_yuzhny_adj;Yuzhny;;;;;;;;;;;;;x
c_yuzhny;Yuzhny;;;;;;;;;;;;;x
c_yuzhny_adj;Yuzhny;;;;;;;;;;;;;x
b_rogachevo;Rogachevo;;;;;;;;;;;;;x
b_belushy;Belushy;;;;;;;;;;;;;x
c_varnek;Varnek;;;;;;;;;;;;;x
c_varnek_adj;Varnek;;;;;;;;;;;;;x
b_varnek;Varnek;;;;;;;;;;;;;x
c_amderma;Amderma;;;;;;;;;;;;;x
c_amderma_adj;Amderma;;;;;;;;;;;;;x
b_amderma;Amderma;;;;;;;;;;;;;x
c_utskara;Utskara;;;;;;;;;;;;;x
c_utskara_adj;Utskara;;;;;;;;;;;;;x
b_utskara;Utskara;;;;;;;;;;;;;x